Protein	Contig	Genome	KEGG_hmm_id	KEGG_Description	Pfam_hmm_id	Pfam_Description	dbCAN_hmm_id	dbCAN_Description	METABOLIC_hmm_id	METABOLIC_Description	PHROG_hmm_id	PHROG_Description	top_hit_hmm_id	top_hit_description	top_hit_db	window_avg_KEGG_L-score_viral	window_avg_Pfam_L-score_viral	Viral_Flanking_Genes
vRhyme_bin_13__BAr1A1B1C_000000439479_20	vRhyme_bin_13__BAr1A1B1C_000000439479	BAr1A1B1C_vRhyme_bin_13			PF00550.29	Phosphopantetheine attachment site							PF00550.29	Phosphopantetheine attachment site	Pfam	TRUE	TRUE	TRUE
vRhyme_bin_14__BAr1A1B1C_000000077132_21	vRhyme_bin_14__BAr1A1B1C_000000077132	BAr1A1B1C_vRhyme_bin_14	K00812	aspartate aminotransferase [EC:2.6.1.1]	PF04864.17	Allinase					phrog_5879		K00812	aspartate aminotransferase [EC:2.6.1.1]	KEGG	TRUE	TRUE	TRUE
vRhyme_bin_2__BAr1A1B1C_000000108289_5	vRhyme_bin_2__BAr1A1B1C_000000108289	BAr1A1B1C_vRhyme_bin_2			PF03567.18	Sulfotransferase family							PF03567.18	Sulfotransferase family	Pfam	TRUE	TRUE	TRUE
vRhyme_bin_24__BAr1A1B1C_000000105221_40	vRhyme_bin_24__BAr1A1B1C_000000105221	BAr1A1B1C_vRhyme_bin_24			PF01762.25	Galactosyltransferase							PF01762.25	Galactosyltransferase	Pfam	TRUE	TRUE	TRUE
vRhyme_unbinned_17__BAr1A1B1C_000000084126_3	vRhyme_unbinned_17__BAr1A1B1C_000000084126	BAr1A1B1C_vRhyme_unbinned_17	K03426	NAD+ diphosphatase [EC:3.6.1.22]	PF00293.32	NUDIX domain							K03426	NAD+ diphosphatase [EC:3.6.1.22]	KEGG	TRUE	TRUE	TRUE
vRhyme_unbinned_3__BAr1A1B1C_000000024208_13	vRhyme_unbinned_3__BAr1A1B1C_000000024208	BAr1A1B1C_vRhyme_unbinned_3	K10536	agmatine deiminase [EC:3.5.3.12]	PF04371.19	Porphyromonas-type peptidyl-arginine deiminase							K10536	agmatine deiminase [EC:3.5.3.12]	KEGG	TRUE	TRUE	TRUE
vRhyme_unbinned_45__BAr1A1B1C_000000240496_3	vRhyme_unbinned_45__BAr1A1B1C_000000240496	BAr1A1B1C_vRhyme_unbinned_45	K00817	histidinol-phosphate aminotransferase [EC:2.6.1.9]	PF00155.25	Aminotransferase class I and II					phrog_5879		K00817	histidinol-phosphate aminotransferase [EC:2.6.1.9]	KEGG	TRUE	TRUE	TRUE
vRhyme_unbinned_52__BAr1A1B1C_000000255935_28	vRhyme_unbinned_52__BAr1A1B1C_000000255935	BAr1A1B1C_vRhyme_unbinned_52	K00059	3-oxoacyl-[acyl-carrier protein] reductase [EC:1.1.1.100]	PF13561.10	Enoyl-(Acyl carrier protein) reductase							K00059	3-oxoacyl-[acyl-carrier protein] reductase [EC:1.1.1.100]	KEGG	TRUE	TRUE	TRUE
vRhyme_unbinned_57__BAr1A1B1C_000000305895_10	vRhyme_unbinned_57__BAr1A1B1C_000000305895	BAr1A1B1C_vRhyme_unbinned_57	K18983	D-galactarolactone cycloisomerase [EC:5.5.1.27]	PF13378.10	Enolase C-terminal domain-like							K18983	D-galactarolactone cycloisomerase [EC:5.5.1.27]	KEGG	TRUE	TRUE	TRUE
vRhyme_unbinned_65__BAr1A1B1C_000000382400_1	vRhyme_unbinned_65__BAr1A1B1C_000000382400	BAr1A1B1C_vRhyme_unbinned_65	K07104	"catechol 2,3-dioxygenase [EC:1.13.11.2]"	PF00903.29	Glyoxalase/Bleomycin resistance protein/Dioxygenase superfamily					phrog_14937		K07104	"catechol 2,3-dioxygenase [EC:1.13.11.2]"	KEGG	TRUE	TRUE	TRUE
vRhyme_unbinned_68__BAr1A1B1C_000000391039_9	vRhyme_unbinned_68__BAr1A1B1C_000000391039	BAr1A1B1C_vRhyme_unbinned_68	K03271	D-sedoheptulose 7-phosphate isomerase [EC:5.3.1.28]	PF13580.10	SIS domain					phrog_14703		K03271	D-sedoheptulose 7-phosphate isomerase [EC:5.3.1.28]	KEGG	TRUE	TRUE	TRUE
vRhyme_unbinned_86__BAr1A1B1C_000000136937|provirus_73_10470_17	vRhyme_unbinned_86__BAr1A1B1C_000000136937|provirus_73_10470	BAr1A1B1C_vRhyme_unbinned_86	K03636	sulfur-carrier protein	PF02597.24	ThiS family							K03636	sulfur-carrier protein	KEGG	TRUE	TRUE	TRUE
vRhyme_unbinned_88__BAr1A1B1C_000000165945|provirus_15397_35587_16	vRhyme_unbinned_88__BAr1A1B1C_000000165945|provirus_15397_35587	BAr1A1B1C_vRhyme_unbinned_88	K01953	asparagine synthase (glutamine-hydrolysing) [EC:6.3.5.4]	PF00733.25	Asparagine synthase					phrog_16728		K01953	asparagine synthase (glutamine-hydrolysing) [EC:6.3.5.4]	KEGG	TRUE	TRUE	TRUE
vRhyme_unbinned_93__BAr1A1B1C_000000293071|provirus_21217_43707_3	vRhyme_unbinned_93__BAr1A1B1C_000000293071|provirus_21217_43707	BAr1A1B1C_vRhyme_unbinned_93	K14379	tartrate-resistant acid phosphatase type 5 [EC:3.1.3.2]	PF00149.32	Calcineurin-like phosphoesterase					phrog_1649	metallo-phosphoesterase	K14379	tartrate-resistant acid phosphatase type 5 [EC:3.1.3.2]	KEGG	TRUE	TRUE	TRUE
vRhyme_bin_15__BAr2D2E2F_000000263864_16	vRhyme_bin_15__BAr2D2E2F_000000263864	BAr2D2E2F_vRhyme_bin_15	K00287	dihydrofolate reductase [EC:1.5.1.3]	PF00186.23	Dihydrofolate reductase					phrog_316	dihydrofolate reductase	K00287	dihydrofolate reductase [EC:1.5.1.3]	KEGG	TRUE	TRUE	TRUE
vRhyme_unbinned_18__BAr2D2E2F_000000116225_12	vRhyme_unbinned_18__BAr2D2E2F_000000116225	BAr2D2E2F_vRhyme_unbinned_18	K19997	GlcNAc-P-P-Und epimerase [EC:5.1.3.26]	PF01370.25	NAD dependent epimerase/dehydratase family							PF01370.25	NAD dependent epimerase/dehydratase family	Pfam	TRUE	TRUE	TRUE
vRhyme_unbinned_26__BAr2D2E2F_000000175499_12	vRhyme_unbinned_26__BAr2D2E2F_000000175499	BAr2D2E2F_vRhyme_unbinned_26	K14379	tartrate-resistant acid phosphatase type 5 [EC:3.1.3.2]	PF00149.32	Calcineurin-like phosphoesterase							K14379	tartrate-resistant acid phosphatase type 5 [EC:3.1.3.2]	KEGG	TRUE	TRUE	TRUE
vRhyme_unbinned_26__BAr2D2E2F_000000175499_13	vRhyme_unbinned_26__BAr2D2E2F_000000175499	BAr2D2E2F_vRhyme_unbinned_26			PF05013.16	N-formylglutamate amidohydrolase							PF05013.16	N-formylglutamate amidohydrolase	Pfam	TRUE	TRUE	TRUE
vRhyme_unbinned_39__BAr2D2E2F_000000268930_6	vRhyme_unbinned_39__BAr2D2E2F_000000268930	BAr2D2E2F_vRhyme_unbinned_39			PF13532.10	2OG-Fe(II) oxygenase superfamily							PF13532.10	2OG-Fe(II) oxygenase superfamily	Pfam	TRUE	TRUE	TRUE
vRhyme_unbinned_42__BAr2D2E2F_000000292139_58	vRhyme_unbinned_42__BAr2D2E2F_000000292139	BAr2D2E2F_vRhyme_unbinned_42			PF01734.26	Patatin-like phospholipase							PF01734.26	Patatin-like phospholipase	Pfam	TRUE	TRUE	TRUE
vRhyme_unbinned_44__BAr2D2E2F_000000299744_18	vRhyme_unbinned_44__BAr2D2E2F_000000299744	BAr2D2E2F_vRhyme_unbinned_44	K05553	minimal PKS acyl carrier protein	PF00550.29	Phosphopantetheine attachment site					phrog_5934	acyl carrier protein	K05553	minimal PKS acyl carrier protein	KEGG	TRUE	TRUE	TRUE
vRhyme_unbinned_50__BAr2D2E2F_000000366193_119	vRhyme_unbinned_50__BAr2D2E2F_000000366193	BAr2D2E2F_vRhyme_unbinned_50	K01953	asparagine synthase (glutamine-hydrolysing) [EC:6.3.5.4]	PF13537.10	Glutamine amidotransferase domain					phrog_16728		K01953	asparagine synthase (glutamine-hydrolysing) [EC:6.3.5.4]	KEGG	TRUE	TRUE	TRUE
vRhyme_unbinned_61__BAr2D2E2F_000000090004|provirus_3_16587_19	vRhyme_unbinned_61__BAr2D2E2F_000000090004|provirus_3_16587	BAr2D2E2F_vRhyme_unbinned_61	K00919	4-diphosphocytidyl-2-C-methyl-D-erythritol kinase [EC:2.7.1.148]	PF08544.17	GHMP kinases C terminal					phrog_20964		K00919	4-diphosphocytidyl-2-C-methyl-D-erythritol kinase [EC:2.7.1.148]	KEGG	TRUE	TRUE	TRUE
vRhyme_unbinned_63__BAr2D2E2F_000000163914|provirus_26601_47671_2	vRhyme_unbinned_63__BAr2D2E2F_000000163914|provirus_26601_47671	BAr2D2E2F_vRhyme_unbinned_63	K00036	glucose-6-phosphate 1-dehydrogenase [EC:1.1.1.49 1.1.1.363]	PF02781.20	"Glucose-6-phosphate dehydrogenase, C-terminal domain"					phrog_4941	dehydrogenase	K00036	glucose-6-phosphate 1-dehydrogenase [EC:1.1.1.49 1.1.1.363]	KEGG	TRUE	TRUE	TRUE
vRhyme_unbinned_33__BAr3G3H3I_000000348534_5	vRhyme_unbinned_33__BAr3G3H3I_000000348534	BAr3G3H3I_vRhyme_unbinned_33			PF01467.30	Cytidylyltransferase-like							PF01467.30	Cytidylyltransferase-like	Pfam	TRUE	TRUE	TRUE
vRhyme_unbinned_44__BAr3G3H3I_000000416045_1	vRhyme_unbinned_44__BAr3G3H3I_000000416045	BAr3G3H3I_vRhyme_unbinned_44	K02107	V/A-type H+/Na+-transporting ATPase subunit G/H									K02107	V/A-type H+/Na+-transporting ATPase subunit G/H	KEGG	TRUE	TRUE	TRUE
vRhyme_unbinned_48__BAr3G3H3I_000000442688_3	vRhyme_unbinned_48__BAr3G3H3I_000000442688	BAr3G3H3I_vRhyme_unbinned_48			PF00391.27	"PEP-utilising enzyme, mobile domain"							PF00391.27	"PEP-utilising enzyme, mobile domain"	Pfam	TRUE	TRUE	TRUE
vRhyme_unbinned_21__BOr1A1B1C_000000158697_6	vRhyme_unbinned_21__BOr1A1B1C_000000158697	BOr1A1B1C_vRhyme_unbinned_21	K03272	D-beta-D-heptose 7-phosphate kinase / D-beta-D-heptose 1-phosphate adenosyltransferase [EC:2.7.1.167 2.7.7.70]	PF00294.28	pfkB family carbohydrate kinase					phrog_7878	bifunctional heptose 7-phosphate kinase/heptose 1-phosphate adenyltransferase	K03272	D-beta-D-heptose 7-phosphate kinase / D-beta-D-heptose 1-phosphate adenosyltransferase [EC:2.7.1.167 2.7.7.70]	KEGG	TRUE	TRUE	TRUE
vRhyme_unbinned_21__BOr1A1B1C_000000158697_9	vRhyme_unbinned_21__BOr1A1B1C_000000158697	BOr1A1B1C_vRhyme_unbinned_21	K08313	fructose-6-phosphate aldolase 1 [EC:4.1.2.-]	PF00923.23	Transaldolase/Fructose-6-phosphate aldolase					phrog_440	transaldolase	PF00923.23	Transaldolase/Fructose-6-phosphate aldolase	Pfam	TRUE	TRUE	TRUE
vRhyme_unbinned_22__BOr1A1B1C_000000160442_5	vRhyme_unbinned_22__BOr1A1B1C_000000160442	BOr1A1B1C_vRhyme_unbinned_22	K21030	D-ribitol-5-phosphate cytidylyltransferase [EC:2.7.7.40]	PF01128.23	2-C-methyl-D-erythritol 4-phosphate cytidylyltransferase							K21030	D-ribitol-5-phosphate cytidylyltransferase [EC:2.7.7.40]	KEGG	TRUE	TRUE	TRUE
vRhyme_unbinned_33__BOr1A1B1C_000000203090_8	vRhyme_unbinned_33__BOr1A1B1C_000000203090	BOr1A1B1C_vRhyme_unbinned_33			PF13229.10	Right handed beta helix region	PL9_2	pectate lyase (EC 4.2.2.2); exopolygalacturonate lyase (EC 4.2.2.9); thiopeptidoglycan lyase (EC 4.2.2.-); rhamnogalacturonan endolyase (EC 4.2.2.23)	PF05048	nitrous oxidase accessory protein			PF05048	nitrous oxidase accessory protein	METABOLIC	TRUE	TRUE	TRUE
vRhyme_unbinned_8__BOr1A1B1C_000000073100_14	vRhyme_unbinned_8__BOr1A1B1C_000000073100	BOr1A1B1C_vRhyme_unbinned_8			PF00676.24	Dehydrogenase E1 component							PF00676.24	Dehydrogenase E1 component	Pfam	TRUE	TRUE	TRUE
vRhyme_unbinned_8__BOr1A1B1C_000000073100_15	vRhyme_unbinned_8__BOr1A1B1C_000000073100	BOr1A1B1C_vRhyme_unbinned_8			PF02779.28	"Transketolase, pyrimidine binding domain"							PF02779.28	"Transketolase, pyrimidine binding domain"	Pfam	TRUE	TRUE	TRUE
vRhyme_bin_1__BOr2D2E2F_000000218715_19	vRhyme_bin_1__BOr2D2E2F_000000218715	BOr2D2E2F_vRhyme_bin_1	K00812	aspartate aminotransferase [EC:2.6.1.1]	PF04864.17	Allinase					phrog_5879		K00812	aspartate aminotransferase [EC:2.6.1.1]	KEGG	TRUE	TRUE	TRUE
vRhyme_bin_2__BOr2D2E2F_000000110545_14	vRhyme_bin_2__BOr2D2E2F_000000110545	BOr2D2E2F_vRhyme_bin_2			PF01467.30	Cytidylyltransferase-like							PF01467.30	Cytidylyltransferase-like	Pfam	TRUE	TRUE	TRUE
vRhyme_unbinned_17__BOr2D2E2F_000000118442_8	vRhyme_unbinned_17__BOr2D2E2F_000000118442	BOr2D2E2F_vRhyme_unbinned_17	K09483	3-dehydroshikimate dehydratase [EC:4.2.1.118]	PF00404.22	Dockerin type I domain							K09483	3-dehydroshikimate dehydratase [EC:4.2.1.118]	KEGG	TRUE	TRUE	TRUE
vRhyme_unbinned_30__BOr2D2E2F_000000214401_4	vRhyme_unbinned_30__BOr2D2E2F_000000214401	BOr2D2E2F_vRhyme_unbinned_30			PF13640.10	2OG-Fe(II) oxygenase superfamily							PF13640.10	2OG-Fe(II) oxygenase superfamily	Pfam	TRUE	TRUE	TRUE
vRhyme_unbinned_18__BOr3G3H3I_000000184988_4	vRhyme_unbinned_18__BOr3G3H3I_000000184988	BOr3G3H3I_vRhyme_unbinned_18			PF13229.10	Right handed beta helix region	PL9_2	pectate lyase (EC 4.2.2.2); exopolygalacturonate lyase (EC 4.2.2.9); thiopeptidoglycan lyase (EC 4.2.2.-); rhamnogalacturonan endolyase (EC 4.2.2.23)	PF05048	nitrous oxidase accessory protein			PF05048	nitrous oxidase accessory protein	METABOLIC	TRUE	TRUE	TRUE
vRhyme_bin_12__CRr1A1B1C_000000308776_14	vRhyme_bin_12__CRr1A1B1C_000000308776	CRr1A1B1C_vRhyme_bin_12	K01737	6-pyruvoyltetrahydropterin/6-carboxytetrahydropterin synthase [EC:4.2.3.12 4.1.2.50]	PF01242.23	6-pyruvoyl tetrahydropterin synthase					phrog_2389	QueD-like  6-pyruvoyl-tetrahydropterin synthase	K01737	6-pyruvoyltetrahydropterin/6-carboxytetrahydropterin synthase [EC:4.2.3.12 4.1.2.50]	KEGG	TRUE	TRUE	TRUE
vRhyme_unbinned_2__CRr1A1B1C_000000017371_12	vRhyme_unbinned_2__CRr1A1B1C_000000017371	CRr1A1B1C_vRhyme_unbinned_2	K01495	GTP cyclohydrolase IA [EC:3.5.4.16]	PF01227.26	GTP cyclohydrolase I					phrog_2197	GTP cyclohydrolase	K01495	GTP cyclohydrolase IA [EC:3.5.4.16]	KEGG	TRUE	TRUE	TRUE
vRhyme_unbinned_46__CRr1A1B1C_000000246642_1	vRhyme_unbinned_46__CRr1A1B1C_000000246642	CRr1A1B1C_vRhyme_unbinned_46			PF00676.24	Dehydrogenase E1 component							PF00676.24	Dehydrogenase E1 component	Pfam	TRUE	TRUE	TRUE
vRhyme_unbinned_64__CRr1A1B1C_000000147172|provirus_259_29678_5	vRhyme_unbinned_64__CRr1A1B1C_000000147172|provirus_259_29678	CRr1A1B1C_vRhyme_unbinned_64	K00817	histidinol-phosphate aminotransferase [EC:2.6.1.9]	PF00155.25	Aminotransferase class I and II					phrog_5879		K00817	histidinol-phosphate aminotransferase [EC:2.6.1.9]	KEGG	TRUE	TRUE	TRUE
vRhyme_unbinned_7__CRr1A1B1C_000000021225_22	vRhyme_unbinned_7__CRr1A1B1C_000000021225	CRr1A1B1C_vRhyme_unbinned_7	K19286	FMN reductase [NAD(P)H] [EC:1.5.1.39]									K19286	FMN reductase [NAD(P)H] [EC:1.5.1.39]	KEGG	TRUE	TRUE	TRUE
vRhyme_unbinned_25__CRr2D2E2F_000000095587_4	vRhyme_unbinned_25__CRr2D2E2F_000000095587	CRr2D2E2F_vRhyme_unbinned_25	K05553	minimal PKS acyl carrier protein	PF00550.29	Phosphopantetheine attachment site					phrog_5934	acyl carrier protein	K05553	minimal PKS acyl carrier protein	KEGG	TRUE	TRUE	TRUE
vRhyme_unbinned_31__CRr2D2E2F_000000126421_16	vRhyme_unbinned_31__CRr2D2E2F_000000126421	CRr2D2E2F_vRhyme_unbinned_31			PF03477.20	ATP cone domain							PF03477.20	ATP cone domain	Pfam	TRUE	TRUE	TRUE
vRhyme_unbinned_58__CRr2D2E2F_000000212180_9	vRhyme_unbinned_58__CRr2D2E2F_000000212180	CRr2D2E2F_vRhyme_unbinned_58	K10536	agmatine deiminase [EC:3.5.3.12]	PF04371.19	Porphyromonas-type peptidyl-arginine deiminase							K10536	agmatine deiminase [EC:3.5.3.12]	KEGG	TRUE	TRUE	TRUE
vRhyme_unbinned_65__CRr2D2E2F_000000227339_3	vRhyme_unbinned_65__CRr2D2E2F_000000227339	CRr2D2E2F_vRhyme_unbinned_65	K00817	histidinol-phosphate aminotransferase [EC:2.6.1.9]	PF00155.25	Aminotransferase class I and II					phrog_5879		K00817	histidinol-phosphate aminotransferase [EC:2.6.1.9]	KEGG	TRUE	TRUE	TRUE
vRhyme_bin_7__CRr3G3H3I_000000089868_1	vRhyme_bin_7__CRr3G3H3I_000000089868	CRr3G3H3I_vRhyme_bin_7	K03271	D-sedoheptulose 7-phosphate isomerase [EC:5.3.1.28]	PF13580.10	SIS domain					phrog_14703		K03271	D-sedoheptulose 7-phosphate isomerase [EC:5.3.1.28]	KEGG	TRUE	TRUE	TRUE
vRhyme_bin_7__CRr3G3H3I_000000089868_12	vRhyme_bin_7__CRr3G3H3I_000000089868	CRr3G3H3I_vRhyme_bin_7			PF00456.25	"Transketolase, thiamine diphosphate binding domain"							PF00456.25	"Transketolase, thiamine diphosphate binding domain"	Pfam	TRUE	TRUE	TRUE
vRhyme_bin_7__CRr3G3H3I_000000089868_13	vRhyme_bin_7__CRr3G3H3I_000000089868	CRr3G3H3I_vRhyme_bin_7			PF02779.28	"Transketolase, pyrimidine binding domain"							PF02779.28	"Transketolase, pyrimidine binding domain"	Pfam	TRUE	TRUE	TRUE
vRhyme_bin_7__CRr3G3H3I_000000089868_3	vRhyme_bin_7__CRr3G3H3I_000000089868	CRr3G3H3I_vRhyme_bin_7	K08313	fructose-6-phosphate aldolase 1 [EC:4.1.2.-]	PF00923.23	Transaldolase/Fructose-6-phosphate aldolase					phrog_440	transaldolase	PF00923.23	Transaldolase/Fructose-6-phosphate aldolase	Pfam	TRUE	TRUE	TRUE
vRhyme_bin_7__CRr3G3H3I_000000089868_6	vRhyme_bin_7__CRr3G3H3I_000000089868	CRr3G3H3I_vRhyme_bin_7	K03272	D-beta-D-heptose 7-phosphate kinase / D-beta-D-heptose 1-phosphate adenosyltransferase [EC:2.7.1.167 2.7.7.70]	PF00294.28	pfkB family carbohydrate kinase					phrog_7878	bifunctional heptose 7-phosphate kinase/heptose 1-phosphate adenyltransferase	K03272	D-beta-D-heptose 7-phosphate kinase / D-beta-D-heptose 1-phosphate adenosyltransferase [EC:2.7.1.167 2.7.7.70]	KEGG	TRUE	TRUE	TRUE
vRhyme_unbinned_69__CRr3G3H3I_000000297493_13	vRhyme_unbinned_69__CRr3G3H3I_000000297493	CRr3G3H3I_vRhyme_unbinned_69	K08261	D-sorbitol dehydrogenase (acceptor) [EC:1.1.99.21]									K08261	D-sorbitol dehydrogenase (acceptor) [EC:1.1.99.21]	KEGG	TRUE	TRUE	TRUE
vRhyme_unbinned_82__CRr3G3H3I_000000000243|provirus_41_20761_20	vRhyme_unbinned_82__CRr3G3H3I_000000000243|provirus_41_20761	CRr3G3H3I_vRhyme_unbinned_82					PL9_2	pectate lyase (EC 4.2.2.2); exopolygalacturonate lyase (EC 4.2.2.9); thiopeptidoglycan lyase (EC 4.2.2.-); rhamnogalacturonan endolyase (EC 4.2.2.23)					PL9_2	pectate lyase (EC 4.2.2.2); exopolygalacturonate lyase (EC 4.2.2.9); thiopeptidoglycan lyase (EC 4.2.2.-); rhamnogalacturonan endolyase (EC 4.2.2.23)	dbCAN	TRUE	TRUE	TRUE
vRhyme_bin_1__LABRr1A1B1C_000000244270_14	vRhyme_bin_1__LABRr1A1B1C_000000244270	LABRr1A1B1C_vRhyme_bin_1	K00059	3-oxoacyl-[acyl-carrier protein] reductase [EC:1.1.1.100]	PF00106.29	short chain dehydrogenase							K00059	3-oxoacyl-[acyl-carrier protein] reductase [EC:1.1.1.100]	KEGG	TRUE	TRUE	TRUE
vRhyme_bin_11__LABRr1A1B1C_000000203956_1	vRhyme_bin_11__LABRr1A1B1C_000000203956	LABRr1A1B1C_vRhyme_bin_11			PF00834.23	Ribulose-phosphate 3 epimerase family							PF00834.23	Ribulose-phosphate 3 epimerase family	Pfam	TRUE	TRUE	TRUE
vRhyme_bin_17__LABRr1A1B1C_000000179428_6	vRhyme_bin_17__LABRr1A1B1C_000000179428	LABRr1A1B1C_vRhyme_bin_17			PF01522.25	Polysaccharide deacetylase	CE4	acetyl xylan esterase (EC 3.1.1.72);  chitin deacetylase (EC 3.5.1.41); chitooligosaccharide deacetylase (EC 3.5.1.-); peptidoglycan GlcNAc deacetylase (EC 3.5.1.-); peptidoglycan N-acetylmuramic acid deacetylase (EC 3.5.1.-).					CE4	acetyl xylan esterase (EC 3.1.1.72);  chitin deacetylase (EC 3.5.1.41); chitooligosaccharide deacetylase (EC 3.5.1.-); peptidoglycan GlcNAc deacetylase (EC 3.5.1.-); peptidoglycan N-acetylmuramic acid deacetylase (EC 3.5.1.-).	dbCAN	TRUE	TRUE	TRUE
vRhyme_unbinned_50__LABRr1A1B1C_000000130273_2	vRhyme_unbinned_50__LABRr1A1B1C_000000130273	LABRr1A1B1C_vRhyme_unbinned_50	K01953	asparagine synthase (glutamine-hydrolysing) [EC:6.3.5.4]	PF00733.25	Asparagine synthase					phrog_16728		K01953	asparagine synthase (glutamine-hydrolysing) [EC:6.3.5.4]	KEGG	TRUE	TRUE	TRUE
vRhyme_unbinned_90__LABRr1A1B1C_000000234349_6	vRhyme_unbinned_90__LABRr1A1B1C_000000234349	LABRr1A1B1C_vRhyme_unbinned_90	K01737	6-pyruvoyltetrahydropterin/6-carboxytetrahydropterin synthase [EC:4.2.3.12 4.1.2.50]	PF01242.23	6-pyruvoyl tetrahydropterin synthase							K01737	6-pyruvoyltetrahydropterin/6-carboxytetrahydropterin synthase [EC:4.2.3.12 4.1.2.50]	KEGG	TRUE	TRUE	TRUE
vRhyme_unbinned_94__LABRr1A1B1C_000000258881_22	vRhyme_unbinned_94__LABRr1A1B1C_000000258881	LABRr1A1B1C_vRhyme_unbinned_94	K02040	phosphate transport system substrate-binding protein							phrog_20286		K02040	phosphate transport system substrate-binding protein	KEGG	TRUE	TRUE	TRUE
vRhyme_unbinned_36__LASAr3G3H3I_000000287829_2	vRhyme_unbinned_36__LASAr3G3H3I_000000287829	LASAr3G3H3I_vRhyme_unbinned_36	K01953	asparagine synthase (glutamine-hydrolysing) [EC:6.3.5.4]	PF00733.25	Asparagine synthase					phrog_16728		K01953	asparagine synthase (glutamine-hydrolysing) [EC:6.3.5.4]	KEGG	TRUE	TRUE	TRUE
vRhyme_unbinned_40__LASAr3G3H3I_000000301335_1	vRhyme_unbinned_40__LASAr3G3H3I_000000301335	LASAr3G3H3I_vRhyme_unbinned_40			PF13229.10	Right handed beta helix region	PL9_2	pectate lyase (EC 4.2.2.2); exopolygalacturonate lyase (EC 4.2.2.9); thiopeptidoglycan lyase (EC 4.2.2.-); rhamnogalacturonan endolyase (EC 4.2.2.23)					PL9_2	pectate lyase (EC 4.2.2.2); exopolygalacturonate lyase (EC 4.2.2.9); thiopeptidoglycan lyase (EC 4.2.2.-); rhamnogalacturonan endolyase (EC 4.2.2.23)	dbCAN	TRUE	TRUE	TRUE
vRhyme_unbinned_40__LASAr3G3H3I_000000301335_3	vRhyme_unbinned_40__LASAr3G3H3I_000000301335	LASAr3G3H3I_vRhyme_unbinned_40			PF02368.22	Bacterial Ig-like domain (group 2)	PL9_2	pectate lyase (EC 4.2.2.2); exopolygalacturonate lyase (EC 4.2.2.9); thiopeptidoglycan lyase (EC 4.2.2.-); rhamnogalacturonan endolyase (EC 4.2.2.23)	PF05048	nitrous oxidase accessory protein	phrog_341	major tail protein	PL9_2	pectate lyase (EC 4.2.2.2); exopolygalacturonate lyase (EC 4.2.2.9); thiopeptidoglycan lyase (EC 4.2.2.-); rhamnogalacturonan endolyase (EC 4.2.2.23)	dbCAN	TRUE	TRUE	TRUE
vRhyme_unbinned_47__LASAr3G3H3I_000000347280_1	vRhyme_unbinned_47__LASAr3G3H3I_000000347280	LASAr3G3H3I_vRhyme_unbinned_47	K01495	GTP cyclohydrolase IA [EC:3.5.4.16]	PF01227.26	GTP cyclohydrolase I					phrog_2197	GTP cyclohydrolase	K01495	GTP cyclohydrolase IA [EC:3.5.4.16]	KEGG	TRUE	TRUE	TRUE
vRhyme_unbinned_7__LASAr3G3H3I_000000043301_1	vRhyme_unbinned_7__LASAr3G3H3I_000000043301	LASAr3G3H3I_vRhyme_unbinned_7	K04118	pimeloyl-CoA dehydrogenase [EC:1.3.1.62]	PF02770.23	"Acyl-CoA dehydrogenase, middle domain"							K04118	pimeloyl-CoA dehydrogenase [EC:1.3.1.62]	KEGG	TRUE	TRUE	TRUE
vRhyme_bin_11__LASCr2D2E2F_000000395920_14	vRhyme_bin_11__LASCr2D2E2F_000000395920	LASCr2D2E2F_vRhyme_bin_11			PF01370.25	NAD dependent epimerase/dehydratase family							PF01370.25	NAD dependent epimerase/dehydratase family	Pfam	TRUE	TRUE	TRUE
vRhyme_bin_11__LASCr2D2E2F_000000395920_16	vRhyme_bin_11__LASCr2D2E2F_000000395920	LASCr2D2E2F_vRhyme_bin_11	K01652	acetolactate synthase I/II/III large subunit [EC:2.2.1.6]	PF02776.22	"Thiamine pyrophosphate enzyme, N-terminal TPP binding domain"					phrog_11199		K01652	acetolactate synthase I/II/III large subunit [EC:2.2.1.6]	KEGG	TRUE	TRUE	TRUE
vRhyme_unbinned_57__LASCr2D2E2F_000000203867_1	vRhyme_unbinned_57__LASCr2D2E2F_000000203867	LASCr2D2E2F_vRhyme_unbinned_57	K14940	gamma-F420-2:alpha-L-glutamate ligase [EC:6.3.2.32]	PF08443.15	RimK-like ATP-grasp domain							K14940	gamma-F420-2:alpha-L-glutamate ligase [EC:6.3.2.32]	KEGG	TRUE	TRUE	TRUE
vRhyme_unbinned_76__LASCr2D2E2F_000000280871_3	vRhyme_unbinned_76__LASCr2D2E2F_000000280871	LASCr2D2E2F_vRhyme_unbinned_76	K00817	histidinol-phosphate aminotransferase [EC:2.6.1.9]	PF00155.25	Aminotransferase class I and II					phrog_5879		K00817	histidinol-phosphate aminotransferase [EC:2.6.1.9]	KEGG	TRUE	TRUE	TRUE
vRhyme_bin_3__LASYr2D2E2F_000000100238_5	vRhyme_bin_3__LASYr2D2E2F_000000100238	LASYr2D2E2F_vRhyme_bin_3	K00848	rhamnulokinase [EC:2.7.1.5]	PF02782.20	"FGGY family of carbohydrate kinases, C-terminal domain"					phrog_19397		K00848	rhamnulokinase [EC:2.7.1.5]	KEGG	TRUE	TRUE	TRUE
vRhyme_bin_19__LAWAr2D2E2F_000000029812_10	vRhyme_bin_19__LAWAr2D2E2F_000000029812	LAWAr2D2E2F_vRhyme_bin_19	K01501	nitrilase [EC:3.5.5.1]	PF00795.26	Carbon-nitrogen hydrolase							K01501	nitrilase [EC:3.5.5.1]	KEGG	TRUE	TRUE	TRUE
vRhyme_bin_30__LAWAr2D2E2F_000000113888_14	vRhyme_bin_30__LAWAr2D2E2F_000000113888	LAWAr2D2E2F_vRhyme_bin_30	K10536	agmatine deiminase [EC:3.5.3.12]	PF04371.19	Porphyromonas-type peptidyl-arginine deiminase							K10536	agmatine deiminase [EC:3.5.3.12]	KEGG	TRUE	TRUE	TRUE
vRhyme_bin_6__LAWAr2D2E2F_000000179017_1	vRhyme_bin_6__LAWAr2D2E2F_000000179017	LAWAr2D2E2F_vRhyme_bin_6			PF13472.10	GDSL-like Lipase/Acylhydrolase family	CE3	acetyl xylan esterase (EC 3.1.1.72).					CE3	acetyl xylan esterase (EC 3.1.1.72).	dbCAN	TRUE	TRUE	TRUE
vRhyme_unbinned_54__LAWAr2D2E2F_000000216906_10	vRhyme_unbinned_54__LAWAr2D2E2F_000000216906	LAWAr2D2E2F_vRhyme_unbinned_54	K14940	gamma-F420-2:alpha-L-glutamate ligase [EC:6.3.2.32]	PF08443.15	RimK-like ATP-grasp domain							K14940	gamma-F420-2:alpha-L-glutamate ligase [EC:6.3.2.32]	KEGG	TRUE	TRUE	TRUE
vRhyme_unbinned_70__LAWAr2D2E2F_000000297668_6	vRhyme_unbinned_70__LAWAr2D2E2F_000000297668	LAWAr2D2E2F_vRhyme_unbinned_70			PF01522.25	Polysaccharide deacetylase	CE4	acetyl xylan esterase (EC 3.1.1.72);  chitin deacetylase (EC 3.5.1.41); chitooligosaccharide deacetylase (EC 3.5.1.-); peptidoglycan GlcNAc deacetylase (EC 3.5.1.-); peptidoglycan N-acetylmuramic acid deacetylase (EC 3.5.1.-).					CE4	acetyl xylan esterase (EC 3.1.1.72);  chitin deacetylase (EC 3.5.1.41); chitooligosaccharide deacetylase (EC 3.5.1.-); peptidoglycan GlcNAc deacetylase (EC 3.5.1.-); peptidoglycan N-acetylmuramic acid deacetylase (EC 3.5.1.-).	dbCAN	TRUE	TRUE	TRUE
vRhyme_unbinned_91__LAWAr2D2E2F_000000221013|provirus_13349_54044_3	vRhyme_unbinned_91__LAWAr2D2E2F_000000221013|provirus_13349_54044	LAWAr2D2E2F_vRhyme_unbinned_91	K01580	glutamate decarboxylase [EC:4.1.1.15]	PF00282.23	Pyridoxal-dependent decarboxylase conserved domain							K01580	glutamate decarboxylase [EC:4.1.1.15]	KEGG	TRUE	TRUE	TRUE
vRhyme_bin_12__MGr1A1B1C_000000252360_25	vRhyme_bin_12__MGr1A1B1C_000000252360	MGr1A1B1C_vRhyme_bin_12	K10026	7-carboxy-7-deazaguanine synthase [EC:4.3.99.3]							phrog_2076	QueE-like  radical SAM domain	K10026	7-carboxy-7-deazaguanine synthase [EC:4.3.99.3]	KEGG	TRUE	TRUE	TRUE
vRhyme_bin_12__MGr1A1B1C_000000310742_2	vRhyme_bin_12__MGr1A1B1C_000000310742	MGr1A1B1C_vRhyme_bin_12	K01495	GTP cyclohydrolase IA [EC:3.5.4.16]	PF01227.26	GTP cyclohydrolase I					phrog_2197	GTP cyclohydrolase	K01495	GTP cyclohydrolase IA [EC:3.5.4.16]	KEGG	TRUE	TRUE	TRUE
vRhyme_bin_2__MGr1A1B1C_000000147712_11	vRhyme_bin_2__MGr1A1B1C_000000147712	MGr1A1B1C_vRhyme_bin_2			PF13640.10	2OG-Fe(II) oxygenase superfamily							PF13640.10	2OG-Fe(II) oxygenase superfamily	Pfam	TRUE	TRUE	TRUE
vRhyme_unbinned_29__MGr1A1B1C_000000131453_1	vRhyme_unbinned_29__MGr1A1B1C_000000131453	MGr1A1B1C_vRhyme_unbinned_29	K00059	3-oxoacyl-[acyl-carrier protein] reductase [EC:1.1.1.100]	PF13561.10	Enoyl-(Acyl carrier protein) reductase							K00059	3-oxoacyl-[acyl-carrier protein] reductase [EC:1.1.1.100]	KEGG	TRUE	TRUE	TRUE
vRhyme_unbinned_32__MGr1A1B1C_000000144942_24	vRhyme_unbinned_32__MGr1A1B1C_000000144942	MGr1A1B1C_vRhyme_unbinned_32	K03271	D-sedoheptulose 7-phosphate isomerase [EC:5.3.1.28]	PF13580.10	SIS domain					phrog_14703		K03271	D-sedoheptulose 7-phosphate isomerase [EC:5.3.1.28]	KEGG	TRUE	TRUE	TRUE
vRhyme_unbinned_32__MGr1A1B1C_000000144942_27	vRhyme_unbinned_32__MGr1A1B1C_000000144942	MGr1A1B1C_vRhyme_unbinned_32			PF00676.24	Dehydrogenase E1 component							PF00676.24	Dehydrogenase E1 component	Pfam	TRUE	TRUE	TRUE
vRhyme_unbinned_32__MGr1A1B1C_000000144942_28	vRhyme_unbinned_32__MGr1A1B1C_000000144942	MGr1A1B1C_vRhyme_unbinned_32			PF02779.28	"Transketolase, pyrimidine binding domain"							PF02779.28	"Transketolase, pyrimidine binding domain"	Pfam	TRUE	TRUE	TRUE
vRhyme_unbinned_76__MGr1A1B1C_000000008165|provirus_50588_70707_6	vRhyme_unbinned_76__MGr1A1B1C_000000008165|provirus_50588_70707	MGr1A1B1C_vRhyme_unbinned_76	K00627	pyruvate dehydrogenase E2 component (dihydrolipoyllysine-residue acetyltransferase) [EC:2.3.1.12]	PF00198.27	2-oxoacid dehydrogenases acyltransferase (catalytic domain)					phrog_6401	DNA binding protein	K00627	pyruvate dehydrogenase E2 component (dihydrolipoyllysine-residue acetyltransferase) [EC:2.3.1.12]	KEGG	TRUE	TRUE	TRUE
vRhyme_unbinned_82__MGr1A1B1C_000000100903|provirus_158_16383_1	vRhyme_unbinned_82__MGr1A1B1C_000000100903|provirus_158_16383	MGr1A1B1C_vRhyme_unbinned_82	K21071	ATP-dependent phosphofructokinase / diphosphate-dependent phosphofructokinase [EC:2.7.1.11 2.7.1.90]	PF00365.24	Phosphofructokinase					phrog_9896	phosphofructokinase	K21071	ATP-dependent phosphofructokinase / diphosphate-dependent phosphofructokinase [EC:2.7.1.11 2.7.1.90]	KEGG	TRUE	TRUE	TRUE
vRhyme_unbinned_85__MGr1A1B1C_000000290149|provirus_23313_51237_16	vRhyme_unbinned_85__MGr1A1B1C_000000290149|provirus_23313_51237	MGr1A1B1C_vRhyme_unbinned_85					CE4	acetyl xylan esterase (EC 3.1.1.72);  chitin deacetylase (EC 3.5.1.41); chitooligosaccharide deacetylase (EC 3.5.1.-); peptidoglycan GlcNAc deacetylase (EC 3.5.1.-); peptidoglycan N-acetylmuramic acid deacetylase (EC 3.5.1.-).					CE4	acetyl xylan esterase (EC 3.1.1.72);  chitin deacetylase (EC 3.5.1.41); chitooligosaccharide deacetylase (EC 3.5.1.-); peptidoglycan GlcNAc deacetylase (EC 3.5.1.-); peptidoglycan N-acetylmuramic acid deacetylase (EC 3.5.1.-).	dbCAN	TRUE	TRUE	TRUE
vRhyme_bin_3__MGr2D2E2F_000000034317_16	vRhyme_bin_3__MGr2D2E2F_000000034317	MGr2D2E2F_vRhyme_bin_3			PF01370.25	NAD dependent epimerase/dehydratase family							PF01370.25	NAD dependent epimerase/dehydratase family	Pfam	TRUE	TRUE	TRUE
vRhyme_unbinned_16__MGr2D2E2F_000000034837_15	vRhyme_unbinned_16__MGr2D2E2F_000000034837	MGr2D2E2F_vRhyme_unbinned_16	K02040	phosphate transport system substrate-binding protein							phrog_20286		K02040	phosphate transport system substrate-binding protein	KEGG	TRUE	TRUE	TRUE
vRhyme_unbinned_21__MGr2D2E2F_000000050214_12	vRhyme_unbinned_21__MGr2D2E2F_000000050214	MGr2D2E2F_vRhyme_unbinned_21			PF03477.20	ATP cone domain							PF03477.20	ATP cone domain	Pfam	TRUE	TRUE	TRUE
vRhyme_unbinned_33__MGr2D2E2F_000000099361_2	vRhyme_unbinned_33__MGr2D2E2F_000000099361	MGr2D2E2F_vRhyme_unbinned_33	K16165	fumarylpyruvate hydrolase [EC:3.7.1.20]	PF01557.22	Fumarylacetoacetate (FAA) hydrolase family							K16165	fumarylpyruvate hydrolase [EC:3.7.1.20]	KEGG	TRUE	TRUE	TRUE
vRhyme_unbinned_34__MGr2D2E2F_000000102987_4	vRhyme_unbinned_34__MGr2D2E2F_000000102987	MGr2D2E2F_vRhyme_unbinned_34			PF13229.10	Right handed beta helix region	CE4	acetyl xylan esterase (EC 3.1.1.72);  chitin deacetylase (EC 3.5.1.41); chitooligosaccharide deacetylase (EC 3.5.1.-); peptidoglycan GlcNAc deacetylase (EC 3.5.1.-); peptidoglycan N-acetylmuramic acid deacetylase (EC 3.5.1.-).					CE4	acetyl xylan esterase (EC 3.1.1.72);  chitin deacetylase (EC 3.5.1.41); chitooligosaccharide deacetylase (EC 3.5.1.-); peptidoglycan GlcNAc deacetylase (EC 3.5.1.-); peptidoglycan N-acetylmuramic acid deacetylase (EC 3.5.1.-).	dbCAN	TRUE	TRUE	TRUE
vRhyme_unbinned_45__MGr2D2E2F_000000144720_4	vRhyme_unbinned_45__MGr2D2E2F_000000144720	MGr2D2E2F_vRhyme_unbinned_45			PF01370.25	NAD dependent epimerase/dehydratase family							PF01370.25	NAD dependent epimerase/dehydratase family	Pfam	TRUE	TRUE	TRUE
vRhyme_unbinned_58__MGr2D2E2F_000000199677_102	vRhyme_unbinned_58__MGr2D2E2F_000000199677	MGr2D2E2F_vRhyme_unbinned_58			PF00676.24	Dehydrogenase E1 component							PF00676.24	Dehydrogenase E1 component	Pfam	TRUE	TRUE	TRUE
vRhyme_unbinned_59__MGr2D2E2F_000000202377_5	vRhyme_unbinned_59__MGr2D2E2F_000000202377	MGr2D2E2F_vRhyme_unbinned_59	K00287	dihydrofolate reductase [EC:1.5.1.3]	PF00186.23	Dihydrofolate reductase					phrog_316	dihydrofolate reductase	K00287	dihydrofolate reductase [EC:1.5.1.3]	KEGG	TRUE	TRUE	TRUE
vRhyme_unbinned_87__MGr2D2E2F_000000135670|provirus_2_16600_10	vRhyme_unbinned_87__MGr2D2E2F_000000135670|provirus_2_16600	MGr2D2E2F_vRhyme_unbinned_87	K01953	asparagine synthase (glutamine-hydrolysing) [EC:6.3.5.4]	PF00733.25	Asparagine synthase					phrog_16728		K01953	asparagine synthase (glutamine-hydrolysing) [EC:6.3.5.4]	KEGG	TRUE	TRUE	TRUE
vRhyme_unbinned_87__MGr2D2E2F_000000135670|provirus_2_16600_14	vRhyme_unbinned_87__MGr2D2E2F_000000135670|provirus_2_16600	MGr2D2E2F_vRhyme_unbinned_87	K01775	alanine racemase [EC:5.1.1.1]	PF01168.24	"Alanine racemase, N-terminal domain"							K01775	alanine racemase [EC:5.1.1.1]	KEGG	TRUE	TRUE	TRUE
vRhyme_unbinned_103__MGr3G3H3I_000000120995|provirus_27569_54970_4	vRhyme_unbinned_103__MGr3G3H3I_000000120995|provirus_27569_54970	MGr3G3H3I_vRhyme_unbinned_103	K01953	asparagine synthase (glutamine-hydrolysing) [EC:6.3.5.4]	PF00733.25	Asparagine synthase					phrog_16728		K01953	asparagine synthase (glutamine-hydrolysing) [EC:6.3.5.4]	KEGG	TRUE	TRUE	TRUE
vRhyme_unbinned_29__MGr3G3H3I_000000101571_6	vRhyme_unbinned_29__MGr3G3H3I_000000101571	MGr3G3H3I_vRhyme_unbinned_29	K01950	NAD+ synthase (glutamine-hydrolysing) [EC:6.3.5.1]	PF02540.21	NAD synthase					phrog_36784	NAD synthetase	K01950	NAD+ synthase (glutamine-hydrolysing) [EC:6.3.5.1]	KEGG	TRUE	TRUE	TRUE
vRhyme_unbinned_46__MGr3G3H3I_000000153998_2	vRhyme_unbinned_46__MGr3G3H3I_000000153998	MGr3G3H3I_vRhyme_unbinned_46					CE8	pectin methylesterase (EC 3.1.1.11).					CE8	pectin methylesterase (EC 3.1.1.11).	dbCAN	TRUE	TRUE	TRUE
vRhyme_unbinned_48__MGr3G3H3I_000000154912_1	vRhyme_unbinned_48__MGr3G3H3I_000000154912	MGr3G3H3I_vRhyme_unbinned_48			PF01791.13	DeoC/LacD family aldolase							PF01791.13	DeoC/LacD family aldolase	Pfam	TRUE	TRUE	TRUE
vRhyme_unbinned_88__MGr3G3H3I_000000288833_92	vRhyme_unbinned_88__MGr3G3H3I_000000288833	MGr3G3H3I_vRhyme_unbinned_88			PF02779.28	"Transketolase, pyrimidine binding domain"							PF02779.28	"Transketolase, pyrimidine binding domain"	Pfam	TRUE	TRUE	TRUE
vRhyme_unbinned_88__MGr3G3H3I_000000288833_93	vRhyme_unbinned_88__MGr3G3H3I_000000288833	MGr3G3H3I_vRhyme_unbinned_88			PF00676.24	Dehydrogenase E1 component							PF00676.24	Dehydrogenase E1 component	Pfam	TRUE	TRUE	TRUE
vRhyme_unbinned_23__MHr1A1B1C_000000232653_3	vRhyme_unbinned_23__MHr1A1B1C_000000232653	MHr1A1B1C_vRhyme_unbinned_23	K01687	dihydroxy-acid dehydratase [EC:4.2.1.9]	PF00920.25	Dehydratase family							K01687	dihydroxy-acid dehydratase [EC:4.2.1.9]	KEGG	TRUE	TRUE	TRUE
vRhyme_unbinned_41__MHr1A1B1C_000000329766|provirus_143_31873_7	vRhyme_unbinned_41__MHr1A1B1C_000000329766|provirus_143_31873	MHr1A1B1C_vRhyme_unbinned_41	K00817	histidinol-phosphate aminotransferase [EC:2.6.1.9]	PF00155.25	Aminotransferase class I and II					phrog_5879		K00817	histidinol-phosphate aminotransferase [EC:2.6.1.9]	KEGG	TRUE	TRUE	TRUE
vRhyme_bin_11__MHr2D2E2F_000000172760_31	vRhyme_bin_11__MHr2D2E2F_000000172760	MHr2D2E2F_vRhyme_bin_11			PF13640.10	2OG-Fe(II) oxygenase superfamily							PF13640.10	2OG-Fe(II) oxygenase superfamily	Pfam	TRUE	TRUE	TRUE
vRhyme_bin_2__MHr2D2E2F_000000202173_15	vRhyme_bin_2__MHr2D2E2F_000000202173	MHr2D2E2F_vRhyme_bin_2			PF13469.10	Sulfotransferase family							PF13469.10	Sulfotransferase family	Pfam	TRUE	TRUE	TRUE
vRhyme_bin_2__MHr2D2E2F_000000202173_7	vRhyme_bin_2__MHr2D2E2F_000000202173	MHr2D2E2F_vRhyme_bin_2	K02513	heparan sulfate 2-O-sulfotransferase HS2ST1 [EC:2.8.2.-]	PF03567.18	Sulfotransferase family							PF03567.18	Sulfotransferase family	Pfam	TRUE	TRUE	TRUE
vRhyme_bin_8__MHr2D2E2F_000000349572_10	vRhyme_bin_8__MHr2D2E2F_000000349572	MHr2D2E2F_vRhyme_bin_8	K00287	dihydrofolate reductase [EC:1.5.1.3]	PF00186.23	Dihydrofolate reductase					phrog_316	dihydrofolate reductase	K00287	dihydrofolate reductase [EC:1.5.1.3]	KEGG	TRUE	TRUE	TRUE
vRhyme_unbinned_43__MHr2D2E2F_000000220078_13	vRhyme_unbinned_43__MHr2D2E2F_000000220078	MHr2D2E2F_vRhyme_unbinned_43	K01569	oxalate decarboxylase [EC:4.1.1.2]	PF00190.26	Cupin					phrog_31723		K01569	oxalate decarboxylase [EC:4.1.1.2]	KEGG	TRUE	TRUE	TRUE
vRhyme_bin_17__MHr3G3H3I_000000032834_22	vRhyme_bin_17__MHr3G3H3I_000000032834	MHr3G3H3I_vRhyme_bin_17	K00812	aspartate aminotransferase [EC:2.6.1.1]	PF04864.17	Allinase					phrog_5879		K00812	aspartate aminotransferase [EC:2.6.1.1]	KEGG	TRUE	TRUE	TRUE
vRhyme_bin_6__MHr3G3H3I_000000126366_9	vRhyme_bin_6__MHr3G3H3I_000000126366	MHr3G3H3I_vRhyme_bin_6	K03271	D-sedoheptulose 7-phosphate isomerase [EC:5.3.1.28]	PF13580.10	SIS domain					phrog_14703		K03271	D-sedoheptulose 7-phosphate isomerase [EC:5.3.1.28]	KEGG	TRUE	TRUE	TRUE
vRhyme_unbinned_12__MHr3G3H3I_000000064402_5	vRhyme_unbinned_12__MHr3G3H3I_000000064402	MHr3G3H3I_vRhyme_unbinned_12	K21750	3-deoxy-D-glycero-D-galacto-nononate cytidylyltransferase [EC:2.7.7.92]	PF02348.23	Cytidylyltransferase							PF02348.23	Cytidylyltransferase	Pfam	TRUE	TRUE	TRUE
vRhyme_unbinned_41__MHr3G3H3I_000000308473_1	vRhyme_unbinned_41__MHr3G3H3I_000000308473	MHr3G3H3I_vRhyme_unbinned_41	K01580	glutamate decarboxylase [EC:4.1.1.15]	PF00282.23	Pyridoxal-dependent decarboxylase conserved domain							K01580	glutamate decarboxylase [EC:4.1.1.15]	KEGG	TRUE	TRUE	TRUE
vRhyme_unbinned_43__MHr3G3H3I_000000328556_4	vRhyme_unbinned_43__MHr3G3H3I_000000328556	MHr3G3H3I_vRhyme_unbinned_43			PF00391.27	"PEP-utilising enzyme, mobile domain"							PF00391.27	"PEP-utilising enzyme, mobile domain"	Pfam	TRUE	TRUE	TRUE
vRhyme_bin_1__SEr2D2E2F_000000031946_15	vRhyme_bin_1__SEr2D2E2F_000000031946	SEr2D2E2F_vRhyme_bin_1	K05553	minimal PKS acyl carrier protein	PF00550.29	Phosphopantetheine attachment site					phrog_5934	acyl carrier protein	PF00550.29	Phosphopantetheine attachment site	Pfam	TRUE	TRUE	TRUE
vRhyme_bin_20__SEr2D2E2F_000000162753_6	vRhyme_bin_20__SEr2D2E2F_000000162753	SEr2D2E2F_vRhyme_bin_20			PF01503.21	Phosphoribosyl-ATP pyrophosphohydrolase							PF01503.21	Phosphoribosyl-ATP pyrophosphohydrolase	Pfam	TRUE	TRUE	TRUE
vRhyme_bin_5__SEr2D2E2F_000000101081_1	vRhyme_bin_5__SEr2D2E2F_000000101081	SEr2D2E2F_vRhyme_bin_5			PF00625.25	Guanylate kinase					phrog_1815	guanylate kinase	PF00625.25	Guanylate kinase	Pfam	TRUE	TRUE	TRUE
vRhyme_bin_8__SEr2D2E2F_000000013576_17	vRhyme_bin_8__SEr2D2E2F_000000013576	SEr2D2E2F_vRhyme_bin_8	K00287	dihydrofolate reductase [EC:1.5.1.3]	PF00186.23	Dihydrofolate reductase					phrog_316	dihydrofolate reductase	K00287	dihydrofolate reductase [EC:1.5.1.3]	KEGG	TRUE	TRUE	TRUE
vRhyme_bin_8__SEr2D2E2F_000000236931_5	vRhyme_bin_8__SEr2D2E2F_000000236931	SEr2D2E2F_vRhyme_bin_8			PF00550.29	Phosphopantetheine attachment site							PF00550.29	Phosphopantetheine attachment site	Pfam	TRUE	TRUE	TRUE
vRhyme_unbinned_124__SEr2D2E2F_000000238583_12	vRhyme_unbinned_124__SEr2D2E2F_000000238583	SEr2D2E2F_vRhyme_unbinned_124			PF01503.21	Phosphoribosyl-ATP pyrophosphohydrolase					phrog_4159	nucleotide pyrophosphohydrolase	PF01503.21	Phosphoribosyl-ATP pyrophosphohydrolase	Pfam	TRUE	TRUE	TRUE
vRhyme_unbinned_125__SEr2D2E2F_000000239905_23	vRhyme_unbinned_125__SEr2D2E2F_000000239905	SEr2D2E2F_vRhyme_unbinned_125			PF00485.22	Phosphoribulokinase / Uridine kinase family							PF00485.22	Phosphoribulokinase / Uridine kinase family	Pfam	TRUE	TRUE	TRUE
vRhyme_unbinned_127__SEr2D2E2F_000000242638_1	vRhyme_unbinned_127__SEr2D2E2F_000000242638	SEr2D2E2F_vRhyme_unbinned_127	K00817	histidinol-phosphate aminotransferase [EC:2.6.1.9]	PF00155.25	Aminotransferase class I and II					phrog_5879		K00817	histidinol-phosphate aminotransferase [EC:2.6.1.9]	KEGG	TRUE	TRUE	TRUE
vRhyme_unbinned_134__SEr2D2E2F_000000258408_10	vRhyme_unbinned_134__SEr2D2E2F_000000258408	SEr2D2E2F_vRhyme_unbinned_134	K00059	3-oxoacyl-[acyl-carrier protein] reductase [EC:1.1.1.100]	PF00106.29	short chain dehydrogenase							K00059	3-oxoacyl-[acyl-carrier protein] reductase [EC:1.1.1.100]	KEGG	TRUE	TRUE	TRUE
vRhyme_unbinned_134__SEr2D2E2F_000000258408_2	vRhyme_unbinned_134__SEr2D2E2F_000000258408	SEr2D2E2F_vRhyme_unbinned_134	K21344	D-glycero-beta-D-manno-heptose-7-phosphate kinase [EC:2.7.1.167]	PF00294.28	pfkB family carbohydrate kinase					phrog_8133		K21344	D-glycero-beta-D-manno-heptose-7-phosphate kinase [EC:2.7.1.167]	KEGG	TRUE	TRUE	TRUE
vRhyme_unbinned_134__SEr2D2E2F_000000258408_4	vRhyme_unbinned_134__SEr2D2E2F_000000258408	SEr2D2E2F_vRhyme_unbinned_134	K03077	L-ribulose-5-phosphate 4-epimerase [EC:5.1.3.4]	PF00596.25	Class II Aldolase and Adducin N-terminal domain							K03077	L-ribulose-5-phosphate 4-epimerase [EC:5.1.3.4]	KEGG	TRUE	TRUE	TRUE
vRhyme_unbinned_144__SEr2D2E2F_000000270597_5	vRhyme_unbinned_144__SEr2D2E2F_000000270597	SEr2D2E2F_vRhyme_unbinned_144	K21883	2-dehydro-3-deoxy-L-rhamnonate dehydrogenase (NAD+) [EC:1.1.1.401]	PF00106.29	short chain dehydrogenase							PF00106.29	short chain dehydrogenase	Pfam	TRUE	TRUE	TRUE
vRhyme_unbinned_167__SEr2D2E2F_000000313440_16	vRhyme_unbinned_167__SEr2D2E2F_000000313440	SEr2D2E2F_vRhyme_unbinned_167	K01652	acetolactate synthase I/II/III large subunit [EC:2.2.1.6]	PF02775.25	"Thiamine pyrophosphate enzyme, C-terminal TPP binding domain"					phrog_11199		K01652	acetolactate synthase I/II/III large subunit [EC:2.2.1.6]	KEGG	TRUE	TRUE	TRUE
vRhyme_unbinned_192__SEr2D2E2F_000000173528|provirus_1_19281_1	vRhyme_unbinned_192__SEr2D2E2F_000000173528|provirus_1_19281	SEr2D2E2F_vRhyme_unbinned_192			PF00141.27	Peroxidase					phrog_28889		PF00141.27	Peroxidase	Pfam	TRUE	TRUE	TRUE
vRhyme_unbinned_196__SEr2D2E2F_000000211896|provirus_107_16949_22	vRhyme_unbinned_196__SEr2D2E2F_000000211896|provirus_107_16949	SEr2D2E2F_vRhyme_unbinned_196			PF02779.28	"Transketolase, pyrimidine binding domain"					phrog_23258		PF02779.28	"Transketolase, pyrimidine binding domain"	Pfam	TRUE	TRUE	TRUE
vRhyme_unbinned_196__SEr2D2E2F_000000211896|provirus_107_16949_23	vRhyme_unbinned_196__SEr2D2E2F_000000211896|provirus_107_16949	SEr2D2E2F_vRhyme_unbinned_196			PF00456.25	"Transketolase, thiamine diphosphate binding domain"							PF00456.25	"Transketolase, thiamine diphosphate binding domain"	Pfam	TRUE	TRUE	TRUE
vRhyme_unbinned_2__SEr2D2E2F_000000007683_25	vRhyme_unbinned_2__SEr2D2E2F_000000007683	SEr2D2E2F_vRhyme_unbinned_2	K02040	phosphate transport system substrate-binding protein									K02040	phosphate transport system substrate-binding protein	KEGG	TRUE	TRUE	TRUE
vRhyme_unbinned_201__SEr2D2E2F_000000248560|provirus_23588_36192_1	vRhyme_unbinned_201__SEr2D2E2F_000000248560|provirus_23588_36192	SEr2D2E2F_vRhyme_unbinned_201	K03636	sulfur-carrier protein	PF02597.24	ThiS family							K03636	sulfur-carrier protein	KEGG	TRUE	TRUE	TRUE
vRhyme_unbinned_206__SEr2D2E2F_000000299279|provirus_136_38812_10	vRhyme_unbinned_206__SEr2D2E2F_000000299279|provirus_136_38812	SEr2D2E2F_vRhyme_unbinned_206	K06718	"L-2,4-diaminobutyric acid acetyltransferase [EC:2.3.1.178]"	PF00583.29	Acetyltransferase (GNAT) family							K06718	"L-2,4-diaminobutyric acid acetyltransferase [EC:2.3.1.178]"	KEGG	TRUE	TRUE	TRUE
vRhyme_unbinned_41__SEr2D2E2F_000000071070_3	vRhyme_unbinned_41__SEr2D2E2F_000000071070	SEr2D2E2F_vRhyme_unbinned_41	K01458	N-formylglutamate deformylase [EC:3.5.1.68]	PF05013.16	N-formylglutamate amidohydrolase							PF05013.16	N-formylglutamate amidohydrolase	Pfam	TRUE	TRUE	TRUE
vRhyme_unbinned_80__SEr2D2E2F_000000157656_6	vRhyme_unbinned_80__SEr2D2E2F_000000157656	SEr2D2E2F_vRhyme_unbinned_80	K03819	putative colanic acid biosynthesis acetyltransferase WcaB [EC:2.3.1.-]	PF00132.28	Bacterial transferase hexapeptide (six repeats)							PF00132.28	Bacterial transferase hexapeptide (six repeats)	Pfam	TRUE	TRUE	TRUE
vRhyme_bin_1__SEr3G3H3I_000000316907_6	vRhyme_bin_1__SEr3G3H3I_000000316907	SEr3G3H3I_vRhyme_bin_1	K00108	choline dehydrogenase [EC:1.1.99.1]	PF05199.17	GMC oxidoreductase	AA3_2	"cellobiose dehydrogenase (EC 1.1.99.18); glucose 1-oxidase (EC 1.1.3.4); aryl alcohol oxidase (EC 1.1.3.7); alcohol oxidase (EC 1.1.3.13); pyranose oxidase (EC 1.1.3.10); glucose 1-dehydrogenase (FAD, quinone) (EC 1.1.5.9); pyranose dehydrogenase (EC 1.1.99.29); oligosaccharide dehydrogenase (FAD) (EC 1.1.5.-)"					AA3_2	"cellobiose dehydrogenase (EC 1.1.99.18); glucose 1-oxidase (EC 1.1.3.4); aryl alcohol oxidase (EC 1.1.3.7); alcohol oxidase (EC 1.1.3.13); pyranose oxidase (EC 1.1.3.10); glucose 1-dehydrogenase (FAD, quinone) (EC 1.1.5.9); pyranose dehydrogenase (EC 1.1.99.29); oligosaccharide dehydrogenase (FAD) (EC 1.1.5.-)"	dbCAN	TRUE	TRUE	TRUE
vRhyme_bin_14__SEr3G3H3I_000000411478_2	vRhyme_bin_14__SEr3G3H3I_000000411478	SEr3G3H3I_vRhyme_bin_14	K13012	O-antigen biosynthesis protein WbqP	PF02397.20	Bacterial sugar transferase							PF02397.20	Bacterial sugar transferase	Pfam	TRUE	TRUE	TRUE
vRhyme_bin_25__SEr3G3H3I_000000258691_3	vRhyme_bin_25__SEr3G3H3I_000000258691	SEr3G3H3I_vRhyme_bin_25			PF01734.26	Patatin-like phospholipase							PF01734.26	Patatin-like phospholipase	Pfam	TRUE	TRUE	TRUE
vRhyme_unbinned_101__SEr3G3H3I_000000154089_6	vRhyme_unbinned_101__SEr3G3H3I_000000154089	SEr3G3H3I_vRhyme_unbinned_101			PF01522.25	Polysaccharide deacetylase	CE4	acetyl xylan esterase (EC 3.1.1.72);  chitin deacetylase (EC 3.5.1.41); chitooligosaccharide deacetylase (EC 3.5.1.-); peptidoglycan GlcNAc deacetylase (EC 3.5.1.-); peptidoglycan N-acetylmuramic acid deacetylase (EC 3.5.1.-).					CE4	acetyl xylan esterase (EC 3.1.1.72);  chitin deacetylase (EC 3.5.1.41); chitooligosaccharide deacetylase (EC 3.5.1.-); peptidoglycan GlcNAc deacetylase (EC 3.5.1.-); peptidoglycan N-acetylmuramic acid deacetylase (EC 3.5.1.-).	dbCAN	TRUE	TRUE	TRUE
vRhyme_unbinned_108__SEr3G3H3I_000000172544_22	vRhyme_unbinned_108__SEr3G3H3I_000000172544	SEr3G3H3I_vRhyme_unbinned_108	K16370	6-phosphofructokinase 2 [EC:2.7.1.11]	PF00294.28	pfkB family carbohydrate kinase							K16370	6-phosphofructokinase 2 [EC:2.7.1.11]	KEGG	TRUE	TRUE	TRUE
vRhyme_unbinned_117__SEr3G3H3I_000000191793_35	vRhyme_unbinned_117__SEr3G3H3I_000000191793	SEr3G3H3I_vRhyme_unbinned_117			PF01637.22	ATPase domain predominantly from Archaea							PF01637.22	ATPase domain predominantly from Archaea	Pfam	TRUE	TRUE	TRUE
vRhyme_unbinned_125__SEr3G3H3I_000000206895_10	vRhyme_unbinned_125__SEr3G3H3I_000000206895	SEr3G3H3I_vRhyme_unbinned_125	K14188	D-alanine--poly(phosphoribitol) ligase subunit 2 [EC:6.1.1.13]	PF00550.29	Phosphopantetheine attachment site					phrog_5934	acyl carrier protein	PF00550.29	Phosphopantetheine attachment site	Pfam	TRUE	TRUE	TRUE
vRhyme_unbinned_134__SEr3G3H3I_000000231857_9	vRhyme_unbinned_134__SEr3G3H3I_000000231857	SEr3G3H3I_vRhyme_unbinned_134			PF00441.28	"Acyl-CoA dehydrogenase, C-terminal domain"							PF00441.28	"Acyl-CoA dehydrogenase, C-terminal domain"	Pfam	TRUE	TRUE	TRUE
vRhyme_unbinned_136__SEr3G3H3I_000000236514_20	vRhyme_unbinned_136__SEr3G3H3I_000000236514	SEr3G3H3I_vRhyme_unbinned_136	K20034	3-(methylthio)propionyl---CoA ligase [EC:6.2.1.44]	PF00501.32	AMP-binding enzyme			TIGR02188	acetyl-CoA synthetase	phrog_36676		K20034	3-(methylthio)propionyl---CoA ligase [EC:6.2.1.44]	KEGG	TRUE	TRUE	TRUE
vRhyme_unbinned_136__SEr3G3H3I_000000236514_21	vRhyme_unbinned_136__SEr3G3H3I_000000236514	SEr3G3H3I_vRhyme_unbinned_136			PF00122.24	E1-E2 ATPase							PF00122.24	E1-E2 ATPase	Pfam	TRUE	TRUE	TRUE
vRhyme_unbinned_159__SEr3G3H3I_000000275381_3	vRhyme_unbinned_159__SEr3G3H3I_000000275381	SEr3G3H3I_vRhyme_unbinned_159	K15229	methylamine dehydrogenase heavy chain [EC:1.4.9.1]	PF06433.15	Methylamine dehydrogenase heavy chain (MADH)			TIGR02658	methylamine dehydrogenase heavy chain			K15229	methylamine dehydrogenase heavy chain [EC:1.4.9.1]	KEGG	TRUE	TRUE	TRUE
vRhyme_unbinned_198__SEr3G3H3I_000000356958_7	vRhyme_unbinned_198__SEr3G3H3I_000000356958	SEr3G3H3I_vRhyme_unbinned_198			PF02562.20	PhoH-like protein					phrog_170	PhoH-like phosphate starvation-inducible	PF02562.20	PhoH-like protein	Pfam	TRUE	TRUE	TRUE
vRhyme_unbinned_237__SEr3G3H3I_000000436742_54	vRhyme_unbinned_237__SEr3G3H3I_000000436742	SEr3G3H3I_vRhyme_unbinned_237	K01649	2-isopropylmalate synthase [EC:2.3.3.13]	PF00682.23	HMGL-like							K01649	2-isopropylmalate synthase [EC:2.3.3.13]	KEGG	TRUE	TRUE	TRUE
vRhyme_unbinned_25__SEr3G3H3I_000000048504_14	vRhyme_unbinned_25__SEr3G3H3I_000000048504	SEr3G3H3I_vRhyme_unbinned_25			PF01408.26	"Oxidoreductase family, NAD-binding Rossmann fold"							PF01408.26	"Oxidoreductase family, NAD-binding Rossmann fold"	Pfam	TRUE	TRUE	TRUE
vRhyme_unbinned_274__SEr3G3H3I_000000124403|provirus_27381_37778_1	vRhyme_unbinned_274__SEr3G3H3I_000000124403|provirus_27381_37778	SEr3G3H3I_vRhyme_unbinned_274	K03636	sulfur-carrier protein	PF02597.24	ThiS family							K03636	sulfur-carrier protein	KEGG	TRUE	TRUE	TRUE
vRhyme_unbinned_276__SEr3G3H3I_000000144781|provirus_2_19413_11	vRhyme_unbinned_276__SEr3G3H3I_000000144781|provirus_2_19413	SEr3G3H3I_vRhyme_unbinned_276	K00817	histidinol-phosphate aminotransferase [EC:2.6.1.9]	PF00155.25	Aminotransferase class I and II					phrog_5879		K00817	histidinol-phosphate aminotransferase [EC:2.6.1.9]	KEGG	TRUE	TRUE	TRUE
vRhyme_unbinned_4__SEr3G3H3I_000000014076_27	vRhyme_unbinned_4__SEr3G3H3I_000000014076	SEr3G3H3I_vRhyme_unbinned_4	K00275	pyridoxamine 5'-phosphate oxidase [EC:1.4.3.5]	PF01243.24	Pyridoxamine 5'-phosphate oxidase							K00275	pyridoxamine 5'-phosphate oxidase [EC:1.4.3.5]	KEGG	TRUE	TRUE	TRUE
vRhyme_unbinned_82__SEr3G3H3I_000000135159_30	vRhyme_unbinned_82__SEr3G3H3I_000000135159	SEr3G3H3I_vRhyme_unbinned_82	K01635	"tagatose 1,6-diphosphate aldolase [EC:4.1.2.40]"	PF01791.13	DeoC/LacD family aldolase							K01635	"tagatose 1,6-diphosphate aldolase [EC:4.1.2.40]"	KEGG	TRUE	TRUE	TRUE
vRhyme_unbinned_9__SEr3G3H3I_000000020309_26	vRhyme_unbinned_9__SEr3G3H3I_000000020309	SEr3G3H3I_vRhyme_unbinned_9	K07404	6-phosphogluconolactonase [EC:3.1.1.31]	PF01436.25	NHL repeat							K07404	6-phosphogluconolactonase [EC:3.1.1.31]	KEGG	TRUE	TRUE	TRUE
vRhyme_unbinned_90__SEr3G3H3I_000000141285_16	vRhyme_unbinned_90__SEr3G3H3I_000000141285	SEr3G3H3I_vRhyme_unbinned_90	K01498	diaminohydroxyphosphoribosylaminopyrimidine deaminase [EC:3.5.4.26]	PF00383.27	Cytidine and deoxycytidylate deaminase zinc-binding region							K01498	diaminohydroxyphosphoribosylaminopyrimidine deaminase [EC:3.5.4.26]	KEGG	TRUE	TRUE	TRUE
vRhyme_unbinned_96__SEr3G3H3I_000000148619_12	vRhyme_unbinned_96__SEr3G3H3I_000000148619	SEr3G3H3I_vRhyme_unbinned_96	K01953	asparagine synthase (glutamine-hydrolysing) [EC:6.3.5.4]	PF00733.25	Asparagine synthase					phrog_16728		K01953	asparagine synthase (glutamine-hydrolysing) [EC:6.3.5.4]	KEGG	TRUE	TRUE	TRUE
vRhyme_unbinned_96__SEr3G3H3I_000000148619_7	vRhyme_unbinned_96__SEr3G3H3I_000000148619	SEr3G3H3I_vRhyme_unbinned_96	K01953	asparagine synthase (glutamine-hydrolysing) [EC:6.3.5.4]	PF00733.25	Asparagine synthase					phrog_16728		K01953	asparagine synthase (glutamine-hydrolysing) [EC:6.3.5.4]	KEGG	TRUE	TRUE	TRUE