Genome,Domain,Phylum,Class,Order,Family,Genus
SEr3G3H3I__bin_186,Bacteria,Patescibacteria,Paceibacteria,UBA6257,2-01-FULL-56-20,JAKAGE01
LAWAr2D2E2F__bin_24,Bacteria,Spirochaetota,Spirochaetia,SZUA-6,,
MHr3G3H3I__bin_65,Bacteria,Spirochaetota,Spirochaetia,SZUA-6,,
LASCr2D2E2F__bin_124,Bacteria,Spirochaetota,Spirochaetia,SZUA-6,,
MGr1A1B1C__bin_111,Bacteria,Spirochaetota,Spirochaetia,SZUA-6,,
MGr3G3H3I__bin_83,Bacteria,Spirochaetota,Spirochaetia,SZUA-6,Fen-1364,Fen-1364
MGr1A1B1C__bin_146,Bacteria,Spirochaetota,Spirochaetia,SZUA-6,Fen-1364,Fen-1364
MGr2D2E2F__bin_83,Bacteria,Spirochaetota,Spirochaetia,SZUA-6,Fen-1364,Fen-1364
SEr2D2E2F__bin_108,Bacteria,Spirochaetota,Spirochaetia,Treponematales,Rectinemataceae,
SEr3G3H3I__bin_236,Bacteria,Spirochaetota,Spirochaetia,Treponematales,Rectinemataceae,
SEr3G3H3I__bin_170,Bacteria,Dependentiae,Babeliae,Babeliales,Vermiphilaceae,
CRr2D2E2F__bin_90,Bacteria,Dependentiae,Babeliae,Babeliales,Babeliaceae,PRDV01
SEr2D2E2F__bin_57,Bacteria,Dependentiae,Babeliae,Babeliales,Babeliaceae,PRDV01
LABRr1A1B1C__bin_138,Bacteria,Acidobacteriota,Thermoanaerobaculia,UBA5066,UBA5066,
MGr1A1B1C__bin_55,Bacteria,Acidobacteriota,Terriglobia,UBA7540,UBA7540,
SEr3G3H3I__bin_108,Bacteria,Acidobacteriota,Terriglobia,UBA7540,UBA7540,
MGr3G3H3I__bin_85,Bacteria,Acidobacteriota,Terriglobia,UBA7540,UBA7540,
SEr2D2E2F__bin_83,Bacteria,Acidobacteriota,Terriglobia,UBA7540,UBA7540,Bog-366
SEr3G3H3I__bin_163,Bacteria,Acidobacteriota,Terriglobia,UBA7540,UBA7540,Bog-366
LABRr1A1B1C__bin_71,Bacteria,Acidobacteriota,Terriglobia,UBA7540,UBA7540,
MGr1A1B1C__bin_1,Bacteria,Acidobacteriota,Terriglobia,UBA7540,UBA7540,
MGr3G3H3I__bin_35,Bacteria,Acidobacteriota,Terriglobia,UBA7540,UBA7540,
BOr1A1B1C__bin_57,Bacteria,Acidobacteriota,Terriglobia,Acidoferrales,UBA7541,Palsa-295
BOr2D2E2F__bin_22,Bacteria,Acidobacteriota,Terriglobia,Acidoferrales,UBA7541,Palsa-295
LASAr3G3H3I__bin_91,Bacteria,Acidobacteriota,Terriglobia,Acidoferrales,UBA7541,Palsa-295
MHr2D2E2F__bin_53,Bacteria,Acidobacteriota,Terriglobia,Acidoferrales,UBA7541,Palsa-295
MGr3G3H3I__bin_9,Bacteria,Acidobacteriota,Terriglobia,Acidoferrales,UBA7541,Palsa-295
MHr2D2E2F__bin_102,Bacteria,Acidobacteriota,Terriglobia,Acidoferrales,UBA7541,Palsa-295
BOr3G3H3I__bin_96,Bacteria,Acidobacteriota,Terriglobia,Acidoferrales,UBA7541,Acidoferrum
MHr2D2E2F__bin_16,Bacteria,Acidobacteriota,Terriglobia,Acidoferrales,UBA7541,Acidoferrum
SEr3G3H3I__bin_288,Bacteria,Acidobacteriota,Terriglobia,Acidoferrales,UBA7541,Acidoferrum
LABRr1A1B1C__bin_134,Bacteria,Acidobacteriota,Terriglobia,Acidoferrales,UBA7541,Acidoferrum
LASYr2D2E2F__bin_2,Bacteria,Acidobacteriota,Terriglobia,Acidoferrales,UBA7541,Acidoferrum
BOr2D2E2F__bin_20,Bacteria,Acidobacteriota,Terriglobia,Acidoferrales,UBA7541,Acidoferrum
BOr3G3H3I__bin_49,Bacteria,Acidobacteriota,Terriglobia,Acidoferrales,UBA7541,Acidoferrum
BOr1A1B1C__bin_44,Bacteria,Acidobacteriota,Terriglobia,Acidoferrales,UBA7541,Acidoferrum
SEr2D2E2F__bin_118,Bacteria,Acidobacteriota,Terriglobia,Acidoferrales,UBA7541,Acidoferrum
MHr3G3H3I__bin_94,Bacteria,Acidobacteriota,Terriglobia,Acidoferrales,UBA7541,Acidoferrum
LABRr1A1B1C__bin_47,Bacteria,Acidobacteriota,Terriglobia,Acidoferrales,UBA7541,Acidoferrum
SEr3G3H3I__bin_150,Bacteria,Acidobacteriota,Terriglobia,Acidoferrales,UBA7541,Acidoferrum
LAWAr2D2E2F__bin_36,Bacteria,Acidobacteriota,Terriglobia,Acidoferrales,UBA7541,Acidoferrum
MHr2D2E2F__bin_37,Bacteria,Acidobacteriota,Terriglobia,Acidoferrales,UBA7541,Acidoferrum
MGr3G3H3I__bin_139,Bacteria,Acidobacteriota,Terriglobia,Acidoferrales,UBA7541,Acidoferrum
LASCr2D2E2F__bin_22,Bacteria,Acidobacteriota,Terriglobia,Acidoferrales,UBA7541,Acidoferrum
MGr2D2E2F__bin_45,Bacteria,Acidobacteriota,Terriglobia,Acidoferrales,UBA7541,Acidoferrum
MHr3G3H3I__bin_38,Bacteria,Acidobacteriota,Terriglobia,Acidoferrales,UBA7541,Acidoferrum
LAWAr2D2E2F__bin_157,Bacteria,Acidobacteriota,Terriglobia,Acidoferrales,UBA7541,Acidoferrum
MHr2D2E2F__bin_86,Bacteria,Acidobacteriota,Terriglobia,Acidoferrales,UBA7541,Acidoferrum
LASAr3G3H3I__bin_23,Bacteria,Acidobacteriota,Terriglobia,Acidoferrales,UBA7541,Acidoferrum
LAWAr2D2E2F__bin_14,Bacteria,Acidobacteriota,Terriglobia,Acidoferrales,UBA7541,Acidoferrum
LABRr1A1B1C__bin_77,Bacteria,Acidobacteriota,Terriglobia,Acidoferrales,UBA7541,Acidoferrum
SEr3G3H3I__bin_56,Bacteria,Acidobacteriota,Terriglobia,Acidoferrales,UBA7541,Acidoferrum
MGr1A1B1C__bin_10,Bacteria,Acidobacteriota,Terriglobia,Acidoferrales,UBA7541,Acidoferrum
LABRr1A1B1C__bin_12,Bacteria,Acidobacteriota,Terriglobia,Acidoferrales,UBA7541,
MGr2D2E2F__bin_78,Bacteria,Acidobacteriota,Terriglobia,Acidoferrales,UBA7541,
MGr1A1B1C__bin_97,Bacteria,Acidobacteriota,Terriglobia,Acidoferrales,UBA7541,
MGr2D2E2F__bin_74,Bacteria,Acidobacteriota,Terriglobia,Acidoferrales,UBA7541,
MGr3G3H3I__bin_132,Bacteria,Acidobacteriota,Terriglobia,Acidoferrales,UBA7541,
MGr2D2E2F__bin_113,Bacteria,Acidobacteriota,Terriglobia,Bryobacterales,Bryobacteraceae,PALSA-129
MGr1A1B1C__bin_90,Bacteria,Acidobacteriota,Terriglobia,Bryobacterales,Bryobacteraceae,PALSA-129
SEr2D2E2F__bin_78,Bacteria,Acidobacteriota,Terriglobia,Bryobacterales,Bryobacteraceae,Bog-375
BAr1A1B1C__bin_56,Bacteria,Acidobacteriota,Terriglobia,Bryobacterales,Bryobacteraceae,Bog-375
CRr3G3H3I__bin_76,Bacteria,Acidobacteriota,Terriglobia,Bryobacterales,Bryobacteraceae,Bog-375
BAr2D2E2F__bin_10,Bacteria,Acidobacteriota,Terriglobia,Bryobacterales,Bryobacteraceae,Bog-375
MGr3G3H3I__bin_156,Bacteria,Acidobacteriota,Terriglobia,Bryobacterales,Bryobacteraceae,Bog-375
LASAr3G3H3I__bin_108,Bacteria,Acidobacteriota,Terriglobia,Bryobacterales,Bryobacteraceae,Bog-375
MGr2D2E2F__bin_103,Bacteria,Acidobacteriota,Terriglobia,Bryobacterales,Bryobacteraceae,Bog-375
MGr1A1B1C__bin_54,Bacteria,Acidobacteriota,Terriglobia,Bryobacterales,Bryobacteraceae,Bog-375
CRr1A1B1C__bin_50,Bacteria,Acidobacteriota,Terriglobia,Bryobacterales,Bryobacteraceae,Bog-375
MHr1A1B1C__bin_63,Bacteria,Acidobacteriota,Terriglobia,Bryobacterales,Bryobacteraceae,Bog-375
CRr3G3H3I__bin_95,Bacteria,Acidobacteriota,Terriglobia,Bryobacterales,Bryobacteraceae,Bog-375
SEr2D2E2F__bin_162,Bacteria,Acidobacteriota,Terriglobia,Bryobacterales,Bryobacteraceae,Bog-375
MGr1A1B1C__bin_144,Bacteria,Acidobacteriota,Terriglobia,Bryobacterales,Bryobacteraceae,
BAr1A1B1C__bin_60,Bacteria,Acidobacteriota,Terriglobia,Bryobacterales,Bryobacteraceae,
BAr2D2E2F__bin_76,Bacteria,Acidobacteriota,Terriglobia,Bryobacterales,Bryobacteraceae,
SEr3G3H3I__bin_85,Bacteria,Acidobacteriota,Terriglobia,Bryobacterales,Bryobacteraceae,
BAr1A1B1C__bin_67,Bacteria,Acidobacteriota,Terriglobia,Bryobacterales,Bryobacteraceae,
MGr1A1B1C__bin_88,Bacteria,Acidobacteriota,Terriglobia,Bryobacterales,Bryobacteraceae,Fen-330
MGr2D2E2F__bin_25,Bacteria,Acidobacteriota,Terriglobia,Bryobacterales,Bryobacteraceae,Fen-330
SEr2D2E2F__bin_113,Bacteria,Acidobacteriota,Terriglobia,Bryobacterales,Bryobacteraceae,Palsa-89
BAr2D2E2F__bin_8,Bacteria,Acidobacteriota,Terriglobia,Bryobacterales,Bryobacteraceae,Palsa-89
MGr2D2E2F__bin_38,Bacteria,Acidobacteriota,Terriglobia,Bryobacterales,Bryobacteraceae,
MGr1A1B1C__bin_104,Bacteria,Acidobacteriota,Terriglobia,Bryobacterales,Bryobacteraceae,
MGr3G3H3I__bin_168,Bacteria,Acidobacteriota,Terriglobia,Bryobacterales,Bryobacteraceae,
SEr3G3H3I__bin_173,Bacteria,Acidobacteriota,Terriglobia,Terriglobales,Acidobacteriaceae,JAKAAZ01
MGr2D2E2F__bin_76,Bacteria,Acidobacteriota,Terriglobia,Terriglobales,Acidobacteriaceae,Palsa-288
CRr1A1B1C__bin_52,Bacteria,Acidobacteriota,Terriglobia,Terriglobales,Acidobacteriaceae,Palsa-288
MHr1A1B1C__bin_32,Bacteria,Acidobacteriota,Terriglobia,Terriglobales,Acidobacteriaceae,Palsa-288
SEr3G3H3I__bin_29,Bacteria,Acidobacteriota,Terriglobia,Terriglobales,Acidobacteriaceae,Palsa-288
BOr1A1B1C__bin_42,Bacteria,Acidobacteriota,Terriglobia,Terriglobales,Acidobacteriaceae,Terracidiphilus
SEr3G3H3I__bin_231,Bacteria,Acidobacteriota,Terriglobia,Terriglobales,Acidobacteriaceae,Terracidiphilus
BAr1A1B1C__bin_86,Bacteria,Acidobacteriota,Terriglobia,Terriglobales,Acidobacteriaceae,Terracidiphilus
BAr1A1B1C__bin_85,Bacteria,Acidobacteriota,Terriglobia,Terriglobales,Acidobacteriaceae,Terracidiphilus
LASYr2D2E2F__bin_94,Bacteria,Acidobacteriota,Terriglobia,Terriglobales,Acidobacteriaceae,Terracidiphilus
SEr2D2E2F__bin_41,Bacteria,Acidobacteriota,Terriglobia,Terriglobales,Acidobacteriaceae,Terracidiphilus
SEr3G3H3I__bin_69,Bacteria,Acidobacteriota,Terriglobia,Terriglobales,Acidobacteriaceae,Terracidiphilus
SEr2D2E2F__bin_65,Bacteria,Acidobacteriota,Terriglobia,Terriglobales,Acidobacteriaceae,Terracidiphilus
MGr1A1B1C__bin_35,Bacteria,Acidobacteriota,Terriglobia,Terriglobales,Acidobacteriaceae,Terracidiphilus
SEr3G3H3I__bin_275,Bacteria,Acidobacteriota,Terriglobia,Terriglobales,Acidobacteriaceae,Terracidiphilus
MGr2D2E2F__bin_111,Bacteria,Acidobacteriota,Terriglobia,Terriglobales,Acidobacteriaceae,Terracidiphilus
SEr3G3H3I__bin_25,Bacteria,Acidobacteriota,Terriglobia,Terriglobales,Acidobacteriaceae,Terracidiphilus
LABRr1A1B1C__bin_18,Bacteria,Acidobacteriota,Terriglobia,Terriglobales,Acidobacteriaceae,Terracidiphilus
LASCr2D2E2F__bin_4,Bacteria,Acidobacteriota,Terriglobia,Terriglobales,Acidobacteriaceae,Terracidiphilus
LAWAr2D2E2F__bin_95,Bacteria,Acidobacteriota,Terriglobia,Terriglobales,Acidobacteriaceae,Terracidiphilus
CRr2D2E2F__bin_61,Bacteria,Acidobacteriota,Terriglobia,Terriglobales,Acidobacteriaceae,Terracidiphilus
SEr2D2E2F__bin_146,Bacteria,Acidobacteriota,Terriglobia,Terriglobales,Acidobacteriaceae,Terracidiphilus
SEr3G3H3I__bin_10,Bacteria,Acidobacteriota,Terriglobia,Terriglobales,Acidobacteriaceae,Terracidiphilus
BAr1A1B1C__bin_92,Bacteria,Acidobacteriota,Terriglobia,Terriglobales,Acidobacteriaceae,Terracidiphilus
LASCr2D2E2F__bin_48,Bacteria,Acidobacteriota,Terriglobia,Terriglobales,Acidobacteriaceae,Terracidiphilus
SEr2D2E2F__bin_23,Bacteria,Acidobacteriota,Terriglobia,Terriglobales,Acidobacteriaceae,Terracidiphilus
CRr2D2E2F__bin_78,Bacteria,Acidobacteriota,Terriglobia,Terriglobales,Acidobacteriaceae,Terracidiphilus
CRr1A1B1C__bin_29,Bacteria,Acidobacteriota,Terriglobia,Terriglobales,Acidobacteriaceae,Terracidiphilus
MHr1A1B1C__bin_31,Bacteria,Acidobacteriota,Terriglobia,Terriglobales,Acidobacteriaceae,Terracidiphilus
MGr2D2E2F__bin_56,Bacteria,Acidobacteriota,Terriglobia,Terriglobales,Acidobacteriaceae,Terracidiphilus
MGr3G3H3I__bin_159,Bacteria,Acidobacteriota,Terriglobia,Terriglobales,Acidobacteriaceae,Terracidiphilus
SEr2D2E2F__bin_40,Bacteria,Acidobacteriota,Terriglobia,Terriglobales,Acidobacteriaceae,Terracidiphilus
SEr3G3H3I__bin_132,Bacteria,Acidobacteriota,Terriglobia,Terriglobales,Acidobacteriaceae,Terracidiphilus
LASCr2D2E2F__bin_104,Bacteria,Acidobacteriota,Terriglobia,Terriglobales,Acidobacteriaceae,Terracidiphilus
MGr1A1B1C__bin_62,Bacteria,Acidobacteriota,Terriglobia,Terriglobales,Acidobacteriaceae,Terracidiphilus
SEr2D2E2F__bin_97,Bacteria,Acidobacteriota,Terriglobia,Terriglobales,Acidobacteriaceae,Terracidiphilus
BAr1A1B1C__bin_72,Bacteria,Acidobacteriota,Terriglobia,Terriglobales,Acidobacteriaceae,Terracidiphilus
SEr2D2E2F__bin_145,Bacteria,Acidobacteriota,Terriglobia,Terriglobales,Acidobacteriaceae,Terracidiphilus
SEr3G3H3I__bin_130,Bacteria,Acidobacteriota,Terriglobia,Terriglobales,Acidobacteriaceae,Terracidiphilus
LAWAr2D2E2F__bin_7,Bacteria,Acidobacteriota,Terriglobia,Terriglobales,Acidobacteriaceae,Terracidiphilus
CRr2D2E2F__bin_49,Bacteria,Acidobacteriota,Terriglobia,Terriglobales,Acidobacteriaceae,Terracidiphilus
SEr2D2E2F__bin_184,Bacteria,Acidobacteriota,Terriglobia,Terriglobales,Acidobacteriaceae,Terracidiphilus
CRr1A1B1C__bin_28,Bacteria,Acidobacteriota,Terriglobia,Terriglobales,Acidobacteriaceae,Terracidiphilus
MHr1A1B1C__bin_36,Bacteria,Acidobacteriota,Terriglobia,Terriglobales,Acidobacteriaceae,Terracidiphilus
SEr3G3H3I__bin_19,Bacteria,Acidobacteriota,Terriglobia,Terriglobales,Acidobacteriaceae,Terracidiphilus
LASYr2D2E2F__bin_32,Bacteria,Acidobacteriota,Terriglobia,Terriglobales,Acidobacteriaceae,Terracidiphilus
SEr2D2E2F__bin_158,Bacteria,Acidobacteriota,Terriglobia,Terriglobales,Acidobacteriaceae,Terracidiphilus
LASAr3G3H3I__bin_1,Bacteria,Acidobacteriota,Terriglobia,Terriglobales,Acidobacteriaceae,Terracidiphilus
CRr3G3H3I__bin_102,Bacteria,Acidobacteriota,Terriglobia,Terriglobales,Acidobacteriaceae,Terracidiphilus
SEr2D2E2F__bin_35,Bacteria,Acidobacteriota,Terriglobia,Terriglobales,Acidobacteriaceae,Terracidiphilus
SEr3G3H3I__bin_177,Bacteria,Acidobacteriota,Terriglobia,Terriglobales,Acidobacteriaceae,Terracidiphilus
BAr1A1B1C__bin_42,Bacteria,Acidobacteriota,Terriglobia,Terriglobales,SbA1,Sulfotelmatobacter
MGr3G3H3I__bin_73,Bacteria,Acidobacteriota,Terriglobia,Terriglobales,SbA1,Sulfotelmatobacter
MGr1A1B1C__bin_60,Bacteria,Acidobacteriota,Terriglobia,Terriglobales,SbA1,Sulfotelmatobacter
MGr2D2E2F__bin_30,Bacteria,Acidobacteriota,Terriglobia,Terriglobales,SbA1,Sulfotelmatobacter
LASAr3G3H3I__bin_7,Bacteria,Acidobacteriota,Terriglobia,Terriglobales,SbA1,Sulfotelmatobacter
MGr2D2E2F__bin_10,Bacteria,Acidobacteriota,Terriglobia,Terriglobales,SbA1,Sulfotelmatobacter
SEr2D2E2F__bin_54,Bacteria,Acidobacteriota,Terriglobia,Terriglobales,SbA1,Sulfotelmatobacter
BAr2D2E2F__bin_37,Bacteria,Acidobacteriota,Terriglobia,Terriglobales,SbA1,Sulfotelmatobacter
BAr1A1B1C__bin_117,Bacteria,Acidobacteriota,Terriglobia,Terriglobales,SbA1,Sulfotelmatobacter
CRr3G3H3I__bin_104,Bacteria,Acidobacteriota,Terriglobia,Terriglobales,SbA1,Sulfotelmatobacter
BOr1A1B1C__bin_18,Bacteria,Acidobacteriota,Terriglobia,Terriglobales,SbA1,Sulfotelmatobacter
LASYr2D2E2F__bin_112,Bacteria,Acidobacteriota,Terriglobia,Terriglobales,SbA1,Sulfotelmatobacter
BAr1A1B1C__bin_80,Bacteria,Acidobacteriota,Terriglobia,Terriglobales,SbA1,Sulfotelmatobacter
BOr3G3H3I__bin_85,Bacteria,Acidobacteriota,Terriglobia,Terriglobales,SbA1,Sulfotelmatobacter
CRr1A1B1C__bin_96,Bacteria,Acidobacteriota,Terriglobia,Terriglobales,SbA1,Sulfotelmatobacter
SEr3G3H3I__bin_13,Bacteria,Acidobacteriota,Terriglobia,Terriglobales,SbA1,Sulfotelmatobacter
LASAr3G3H3I__bin_54,Bacteria,Acidobacteriota,Terriglobia,Terriglobales,SbA1,Sulfotelmatobacter
MHr2D2E2F__bin_80,Bacteria,Acidobacteriota,Terriglobia,Terriglobales,SbA1,Sulfotelmatobacter
MHr1A1B1C__bin_55,Bacteria,Acidobacteriota,Terriglobia,Terriglobales,SbA1,Bog-209
BAr1A1B1C__bin_104,Bacteria,Acidobacteriota,Terriglobia,Terriglobales,SbA1,Bog-209
CRr2D2E2F__bin_41,Bacteria,Acidobacteriota,Terriglobia,Terriglobales,SbA1,Bog-209
LAWAr2D2E2F__bin_134,Bacteria,Acidobacteriota,Terriglobia,Terriglobales,SbA1,Bog-209
MHr2D2E2F__bin_7,Bacteria,Acidobacteriota,Terriglobia,Terriglobales,SbA1,Bog-209
LASAr3G3H3I__bin_93,Bacteria,Acidobacteriota,Terriglobia,Terriglobales,SbA1,Bog-209
MHr2D2E2F__bin_92,Bacteria,Acidobacteriota,Terriglobia,Terriglobales,SbA1,Bog-209
MHr3G3H3I__bin_20,Bacteria,Acidobacteriota,Terriglobia,Terriglobales,SbA1,Bog-209
MGr2D2E2F__bin_49,Bacteria,Acidobacteriota,Terriglobia,Terriglobales,SbA1,Bog-209
MGr1A1B1C__bin_80,Bacteria,Acidobacteriota,Terriglobia,Terriglobales,SbA1,Bog-209
MHr3G3H3I__bin_113,Bacteria,Acidobacteriota,Terriglobia,Terriglobales,SbA1,Bog-209
MHr1A1B1C__bin_101,Bacteria,Acidobacteriota,Terriglobia,Terriglobales,SbA1,Bog-209
CRr1A1B1C__bin_101,Bacteria,Acidobacteriota,Terriglobia,Terriglobales,SbA1,Bog-209
CRr3G3H3I__bin_74,Bacteria,Acidobacteriota,Terriglobia,Terriglobales,SbA1,Bog-209
LAWAr2D2E2F__bin_48,Bacteria,Acidobacteriota,Terriglobia,Terriglobales,SbA1,Bog-209
MGr2D2E2F__bin_128,Bacteria,Acidobacteriota,Terriglobia,Terriglobales,SbA1,Bog-209
BAr2D2E2F__bin_57,Bacteria,Acidobacteriota,Terriglobia,Terriglobales,SbA1,Bog-209
MGr1A1B1C__bin_41,Bacteria,Acidobacteriota,Terriglobia,Terriglobales,SbA1,Bog-209
LASAr3G3H3I__bin_113,Bacteria,Acidobacteriota,Terriglobia,Terriglobales,SbA1,Bog-209
BAr2D2E2F__bin_5,Bacteria,Acidobacteriota,Terriglobia,Terriglobales,SbA1,Bog-209
SEr2D2E2F__bin_104,Bacteria,Acidobacteriota,Terriglobia,Terriglobales,SbA1,Bog-209
MHr3G3H3I__bin_79,Bacteria,Acidobacteriota,Terriglobia,Terriglobales,SbA1,Bog-209
BAr2D2E2F__bin_44,Bacteria,Acidobacteriota,Terriglobia,Terriglobales,SbA1,Bog-209
BOr3G3H3I__bin_20,Bacteria,Acidobacteriota,Terriglobia,Terriglobales,SbA1,Bog-209
BAr2D2E2F__bin_124,Bacteria,Acidobacteriota,Terriglobia,Terriglobales,SbA1,Bog-209
MHr2D2E2F__bin_59,Bacteria,Acidobacteriota,Terriglobia,Terriglobales,SbA1,Bog-209
LASAr3G3H3I__bin_118,Bacteria,Acidobacteriota,Terriglobia,Terriglobales,SbA1,Bog-209
BAr1A1B1C__bin_10,Bacteria,Acidobacteriota,Terriglobia,Terriglobales,SbA1,Bog-209
SEr2D2E2F__bin_144,Bacteria,Acidobacteriota,Terriglobia,Terriglobales,SbA1,Bog-209
MGr3G3H3I__bin_55,Bacteria,Acidobacteriota,Terriglobia,Terriglobales,SbA1,Bog-209
CRr2D2E2F__bin_75,Bacteria,Acidobacteriota,Terriglobia,Terriglobales,SbA1,Bog-209
BOr2D2E2F__bin_33,Bacteria,Acidobacteriota,Terriglobia,Terriglobales,SbA1,Bog-209
LASYr2D2E2F__bin_27,Bacteria,Acidobacteriota,Terriglobia,Terriglobales,SbA1,Bog-209
MHr1A1B1C__bin_81,Bacteria,Acidobacteriota,Terriglobia,Terriglobales,SbA1,Bog-209
CRr1A1B1C__bin_118,Bacteria,Acidobacteriota,Terriglobia,Terriglobales,SbA1,Bog-209
LASAr3G3H3I__bin_121,Bacteria,Acidobacteriota,Terriglobia,Terriglobales,SbA1,Bog-209
BAr1A1B1C__bin_49,Bacteria,Acidobacteriota,Terriglobia,Terriglobales,SbA1,Bog-209
MHr3G3H3I__bin_68,Bacteria,Acidobacteriota,Terriglobia,Terriglobales,SbA1,Bog-209
LASYr2D2E2F__bin_31,Bacteria,Acidobacteriota,Terriglobia,Terriglobales,SbA1,Bog-209
CRr2D2E2F__bin_65,Bacteria,Acidobacteriota,Terriglobia,Terriglobales,SbA1,Bog-209
MGr3G3H3I__bin_48,Bacteria,Acidobacteriota,Terriglobia,Terriglobales,SbA1,Bog-209
LABRr1A1B1C__bin_26,Bacteria,Acidobacteriota,Terriglobia,Terriglobales,SbA1,Bog-209
BOr1A1B1C__bin_33,Bacteria,Acidobacteriota,Terriglobia,Terriglobales,SbA1,Bog-209
MGr1A1B1C__bin_98,Bacteria,Acidobacteriota,Terriglobia,Terriglobales,SbA1,
CRr3G3H3I__bin_105,Bacteria,Acidobacteriota,Terriglobia,Terriglobales,SbA1,
MGr3G3H3I__bin_147,Bacteria,Acidobacteriota,Terriglobia,Terriglobales,SbA1,
MGr2D2E2F__bin_80,Bacteria,Acidobacteriota,Terriglobia,Terriglobales,SbA1,
LASCr2D2E2F__bin_117,Bacteria,Acidobacteriota,Terriglobia,Terriglobales,Koribacteraceae,
SEr2D2E2F__bin_75,Bacteria,Acidobacteriota,Terriglobia,Terriglobales,Koribacteraceae,
LABRr1A1B1C__bin_29,Bacteria,Acidobacteriota,Terriglobia,Terriglobales,Koribacteraceae,
BAr1A1B1C__bin_140,Bacteria,Acidobacteriota,Terriglobia,Terriglobales,Koribacteraceae,
CRr2D2E2F__bin_11,Bacteria,Acidobacteriota,Terriglobia,Terriglobales,Koribacteraceae,
SEr2D2E2F__bin_99,Bacteria,Acidobacteriota,Terriglobia,Terriglobales,Koribacteraceae,Bog-257
CRr2D2E2F__bin_9,Bacteria,Acidobacteriota,Terriglobia,Terriglobales,Koribacteraceae,Bog-257
MGr1A1B1C__bin_140,Bacteria,Acidobacteriota,Terriglobia,Terriglobales,Koribacteraceae,Bog-257
MHr1A1B1C__bin_115,Bacteria,Acidobacteriota,Terriglobia,Terriglobales,Koribacteraceae,Bog-257
CRr3G3H3I__bin_129,Bacteria,Acidobacteriota,Terriglobia,Terriglobales,Koribacteraceae,Bog-257
MGr3G3H3I__bin_1,Bacteria,Acidobacteriota,Terriglobia,Terriglobales,Koribacteraceae,Bog-257
LASYr2D2E2F__bin_4,Bacteria,Acidobacteriota,Terriglobia,Terriglobales,Koribacteraceae,Bog-257
BOr3G3H3I__bin_91,Bacteria,Acidobacteriota,Terriglobia,Terriglobales,Koribacteraceae,Bog-257
LASYr2D2E2F__bin_67,Bacteria,Acidobacteriota,Terriglobia,Terriglobales,Koribacteraceae,Bog-257
LASAr3G3H3I__bin_53,Bacteria,Acidobacteriota,Terriglobia,Terriglobales,,
MHr3G3H3I__bin_45,Bacteria,Acidobacteriota,Terriglobia,Terriglobales,,
MGr3G3H3I__bin_50,Bacteria,Acidobacteriota,Terriglobia,Terriglobales,,
MGr1A1B1C__bin_134,Bacteria,Acidobacteriota,Terriglobia,Terriglobales,,
LASCr2D2E2F__bin_21,Bacteria,Acidobacteriota,Terriglobia,Terriglobales,,
LAWAr2D2E2F__bin_46,Bacteria,Acidobacteriota,Terriglobia,Terriglobales,,
MHr2D2E2F__bin_49,Bacteria,Methylomirabilota,Methylomirabilia,Methylomirabilales,2-02-FULL-66-22,2-02-FULL-66-22
CRr3G3H3I__bin_31,Bacteria,Nitrospirota,UBA9217,UBA9217,UBA9217,
MGr3G3H3I__bin_163,Bacteria,Nitrospirota,UBA9217,UBA9217,UBA9217,
BAr1A1B1C__bin_138,Bacteria,Nitrospirota,Thermodesulfovibrionia,Thermodesulfovibrionales,Dissulfurispiraceae,Fen-1308
LASCr2D2E2F__bin_49,Bacteria,Nitrospirota,Thermodesulfovibrionia,Thermodesulfovibrionales,Dissulfurispiraceae,Fen-1308
LABRr1A1B1C__bin_20,Bacteria,Nitrospirota,Thermodesulfovibrionia,Thermodesulfovibrionales,Dissulfurispiraceae,JADFXI01
LASCr2D2E2F__bin_3,Bacteria,Nitrospirota,Thermodesulfovibrionia,Thermodesulfovibrionales,Dissulfurispiraceae,JADFXI01
MHr3G3H3I__bin_53,Bacteria,Nitrospirota,Thermodesulfovibrionia,Thermodesulfovibrionales,Dissulfurispiraceae,JADFXI01
MGr2D2E2F__bin_51,Bacteria,Nitrospirota,Thermodesulfovibrionia,Thermodesulfovibrionales,Dissulfurispiraceae,JADFXI01
MGr1A1B1C__bin_94,Bacteria,Nitrospirota,Thermodesulfovibrionia,Thermodesulfovibrionales,Dissulfurispiraceae,JADFXI01
MGr3G3H3I__bin_94,Bacteria,Nitrospirota,Thermodesulfovibrionia,Thermodesulfovibrionales,Dissulfurispiraceae,JADFXI01
LABRr1A1B1C__bin_2,Bacteria,Nitrospirota,Thermodesulfovibrionia,Thermodesulfovibrionales,Dissulfurispiraceae,
BAr1A1B1C__bin_83,Bacteria,Desulfobacterota_G,Syntrophorhabdia,Syntrophorhabdales,WCHB1-27,BOG-1155
SEr3G3H3I__bin_203,Bacteria,Desulfobacterota_G,Syntrophorhabdia,Syntrophorhabdales,WCHB1-27,BOG-1155
BAr1A1B1C__bin_105,Bacteria,Pseudomonadota,Gammaproteobacteria,Burkholderiales,Burkholderiaceae,Caballeronia
LASAr3G3H3I__bin_11,Bacteria,Pseudomonadota,Gammaproteobacteria,Burkholderiales,SG8-41,
MGr3G3H3I__bin_15,Bacteria,Pseudomonadota,Gammaproteobacteria,Burkholderiales,Gallionellaceae,Gallionella
SEr2D2E2F__bin_102,Bacteria,Pseudomonadota,Gammaproteobacteria,Burkholderiales,Gallionellaceae,Gallionella
SEr2D2E2F__bin_167,Bacteria,Pseudomonadota,Gammaproteobacteria,Burkholderiales,Gallionellaceae,
LASCr2D2E2F__bin_30,Bacteria,Pseudomonadota,Gammaproteobacteria,Burkholderiales,Thiobacillaceae,
CRr3G3H3I__bin_86,Bacteria,Pseudomonadota,Gammaproteobacteria,Methylococcales,Methylococcaceae,Methylumidiphilus
BAr1A1B1C__bin_121,Bacteria,Pseudomonadota,Gammaproteobacteria,Steroidobacterales,Steroidobacteraceae,Bog-1198
MGr3G3H3I__bin_42,Bacteria,Pseudomonadota,Gammaproteobacteria,Steroidobacterales,Steroidobacteraceae,Bog-1198
SEr2D2E2F__bin_150,Bacteria,Pseudomonadota,Gammaproteobacteria,Steroidobacterales,Steroidobacteraceae,Bog-1198
BAr1A1B1C__bin_79,Bacteria,Pseudomonadota,Gammaproteobacteria,Steroidobacterales,Steroidobacteraceae,Bog-1198
BAr2D2E2F__bin_94,Bacteria,Pseudomonadota,Gammaproteobacteria,Steroidobacterales,Steroidobacteraceae,Bog-1198
LASYr2D2E2F__bin_97,Bacteria,Pseudomonadota,Gammaproteobacteria,Steroidobacterales,Steroidobacteraceae,Bog-1198
LASAr3G3H3I__bin_135,Bacteria,Pseudomonadota,Gammaproteobacteria,Steroidobacterales,Steroidobacteraceae,Bog-1198
BOr3G3H3I__bin_43,Bacteria,Pseudomonadota,Gammaproteobacteria,Steroidobacterales,Steroidobacteraceae,Bog-1198
CRr2D2E2F__bin_54,Bacteria,Pseudomonadota,Gammaproteobacteria,Steroidobacterales,Steroidobacteraceae,Bog-1198
BAr1A1B1C__bin_143,Bacteria,Pseudomonadota,Gammaproteobacteria,Steroidobacterales,Steroidobacteraceae,Bog-1198
LAWAr2D2E2F__bin_79,Bacteria,Pseudomonadota,Gammaproteobacteria,Steroidobacterales,Steroidobacteraceae,Bog-1198
LASCr2D2E2F__bin_93,Bacteria,Pseudomonadota,Gammaproteobacteria,Steroidobacterales,Steroidobacteraceae,Bog-1198
SEr2D2E2F__bin_18,Bacteria,Pseudomonadota,Gammaproteobacteria,Steroidobacterales,Steroidobacteraceae,Bog-1198
CRr3G3H3I__bin_5,Bacteria,Pseudomonadota,Gammaproteobacteria,Steroidobacterales,Steroidobacteraceae,Bog-1198
BOr2D2E2F__bin_18,Bacteria,Pseudomonadota,Gammaproteobacteria,Steroidobacterales,Steroidobacteraceae,Bog-1198
LASAr3G3H3I__bin_39,Bacteria,Pseudomonadota,Gammaproteobacteria,Steroidobacterales,Steroidobacteraceae,Bog-1198
MHr2D2E2F__bin_27,Bacteria,Pseudomonadota,Gammaproteobacteria,Steroidobacterales,Steroidobacteraceae,Bog-1198
MHr3G3H3I__bin_9,Bacteria,Pseudomonadota,Gammaproteobacteria,Steroidobacterales,Steroidobacteraceae,Bog-1198
CRr1A1B1C__bin_33,Bacteria,Pseudomonadota,Gammaproteobacteria,Steroidobacterales,Steroidobacteraceae,Bog-1198
MHr1A1B1C__bin_27,Bacteria,Pseudomonadota,Gammaproteobacteria,Steroidobacterales,Steroidobacteraceae,Bog-1198
MGr1A1B1C__bin_72,Bacteria,Pseudomonadota,Gammaproteobacteria,Steroidobacterales,Steroidobacteraceae,Bog-1198
LASCr2D2E2F__bin_150,Bacteria,Pseudomonadota,Gammaproteobacteria,Steroidobacterales,Steroidobacteraceae,Bog-1198
MGr3G3H3I__bin_100,Bacteria,Pseudomonadota,Gammaproteobacteria,Steroidobacterales,Steroidobacteraceae,Bog-1198
CRr2D2E2F__bin_21,Bacteria,Pseudomonadota,Gammaproteobacteria,Steroidobacterales,Steroidobacteraceae,Bog-1198
SEr2D2E2F__bin_69,Bacteria,Pseudomonadota,Gammaproteobacteria,Steroidobacterales,Steroidobacteraceae,Bog-1198
BOr2D2E2F__bin_69,Bacteria,Pseudomonadota,Gammaproteobacteria,Steroidobacterales,Steroidobacteraceae,Bog-1198
BAr2D2E2F__bin_126,Bacteria,Pseudomonadota,Gammaproteobacteria,Steroidobacterales,Steroidobacteraceae,Bog-1198
BAr3G3H3I__bin_8,Bacteria,Pseudomonadota,Gammaproteobacteria,Steroidobacterales,Steroidobacteraceae,Bog-1198
SEr2D2E2F__bin_161,Bacteria,Pseudomonadota,Gammaproteobacteria,Steroidobacterales,Steroidobacteraceae,Bog-1198
CRr3G3H3I__bin_93,Bacteria,Pseudomonadota,Gammaproteobacteria,Steroidobacterales,Steroidobacteraceae,Bog-1198
MGr1A1B1C__bin_137,Bacteria,Pseudomonadota,Gammaproteobacteria,Steroidobacterales,Steroidobacteraceae,Bog-1198
MGr3G3H3I__bin_25,Bacteria,Pseudomonadota,Gammaproteobacteria,Steroidobacterales,Steroidobacteraceae,Bog-1198
MHr3G3H3I__bin_99,Bacteria,Pseudomonadota,Gammaproteobacteria,Steroidobacterales,Steroidobacteraceae,Bog-1198
MHr1A1B1C__bin_67,Bacteria,Pseudomonadota,Gammaproteobacteria,Steroidobacterales,Steroidobacteraceae,Bog-1198
MGr3G3H3I__bin_117,Bacteria,Pseudomonadota,Gammaproteobacteria,Steroidobacterales,Steroidobacteraceae,FEN-1191
CRr3G3H3I__bin_134,Bacteria,Pseudomonadota,Gammaproteobacteria,Steroidobacterales,Steroidobacteraceae,FEN-1191
MGr2D2E2F__bin_32,Bacteria,Pseudomonadota,Gammaproteobacteria,Steroidobacterales,Steroidobacteraceae,FEN-1191
BAr3G3H3I__bin_68,Bacteria,Pseudomonadota,Gammaproteobacteria,Steroidobacterales,Steroidobacteraceae,13-2-20CM-66-19
BAr3G3H3I__bin_83,Bacteria,Pseudomonadota,Gammaproteobacteria,Steroidobacterales,Steroidobacteraceae,13-2-20CM-66-19
BOr1A1B1C__bin_86,Bacteria,Pseudomonadota,Gammaproteobacteria,Steroidobacterales,Steroidobacteraceae,13-2-20CM-66-19
BOr3G3H3I__bin_38,Bacteria,Pseudomonadota,Gammaproteobacteria,Steroidobacterales,Steroidobacteraceae,13-2-20CM-66-19
LASCr2D2E2F__bin_103,Bacteria,Pseudomonadota,Gammaproteobacteria,Diplorickettsiales,Diplorickettsiaceae,
BAr1A1B1C__bin_31,Bacteria,Pseudomonadota,Gammaproteobacteria,Pseudomonadales,Pseudomonadaceae,Pseudomonas_E
BOr2D2E2F__bin_56,Bacteria,Pseudomonadota,Alphaproteobacteria,Acetobacterales,Acetobacteraceae,Acidocella
BOr1A1B1C__bin_3,Bacteria,Pseudomonadota,Alphaproteobacteria,Acetobacterales,Acetobacteraceae,Acidocella
BOr3G3H3I__bin_26,Bacteria,Pseudomonadota,Alphaproteobacteria,Acetobacterales,Acetobacteraceae,Acidocella
BAr1A1B1C__bin_47,Bacteria,Pseudomonadota,Alphaproteobacteria,Acetobacterales,Acetobacteraceae,
BAr3G3H3I__bin_15,Bacteria,Pseudomonadota,Alphaproteobacteria,Acetobacterales,Acetobacteraceae,
LAWAr2D2E2F__bin_144,Bacteria,Pseudomonadota,Alphaproteobacteria,Rhizobiales,Beijerinckiaceae,Roseiarcus
LASYr2D2E2F__bin_98,Bacteria,Pseudomonadota,Alphaproteobacteria,Rhizobiales,Beijerinckiaceae,Roseiarcus
LASCr2D2E2F__bin_82,Bacteria,Pseudomonadota,Alphaproteobacteria,Rhizobiales,Beijerinckiaceae,Roseiarcus
LASAr3G3H3I__bin_35,Bacteria,Pseudomonadota,Alphaproteobacteria,Rhizobiales,Beijerinckiaceae,Roseiarcus
LASYr2D2E2F__bin_38,Bacteria,Pseudomonadota,Alphaproteobacteria,Rhizobiales,Beijerinckiaceae,Roseiarcus
LAWAr2D2E2F__bin_119,Bacteria,Pseudomonadota,Alphaproteobacteria,Rhizobiales,Beijerinckiaceae,Roseiarcus
BOr1A1B1C__bin_14,Bacteria,Pseudomonadota,Alphaproteobacteria,Rhizobiales,Beijerinckiaceae,Roseiarcus
MGr2D2E2F__bin_61,Bacteria,Pseudomonadota,Alphaproteobacteria,Rhizobiales,Beijerinckiaceae,Roseiarcus
MGr1A1B1C__bin_59,Bacteria,Pseudomonadota,Alphaproteobacteria,Rhizobiales,Beijerinckiaceae,Roseiarcus
CRr2D2E2F__bin_64,Bacteria,Pseudomonadota,Alphaproteobacteria,Rhizobiales,Beijerinckiaceae,Roseiarcus
MHr1A1B1C__bin_21,Bacteria,Pseudomonadota,Alphaproteobacteria,Rhizobiales,Beijerinckiaceae,Roseiarcus
CRr1A1B1C__bin_83,Bacteria,Pseudomonadota,Alphaproteobacteria,Rhizobiales,Beijerinckiaceae,Roseiarcus
BAr1A1B1C__bin_146,Bacteria,Pseudomonadota,Alphaproteobacteria,Rhizobiales,Beijerinckiaceae,Roseiarcus
MHr1A1B1C__bin_41,Bacteria,Pseudomonadota,Alphaproteobacteria,Rhizobiales,Beijerinckiaceae,Roseiarcus
SEr2D2E2F__bin_92,Bacteria,Pseudomonadota,Alphaproteobacteria,Rhizobiales,Beijerinckiaceae,Roseiarcus
CRr1A1B1C__bin_73,Bacteria,Pseudomonadota,Alphaproteobacteria,Rhizobiales,Beijerinckiaceae,Roseiarcus
SEr3G3H3I__bin_276,Bacteria,Pseudomonadota,Alphaproteobacteria,Rhizobiales,Beijerinckiaceae,Roseiarcus
LAWAr2D2E2F__bin_10,Bacteria,Pseudomonadota,Alphaproteobacteria,Rhizobiales,Beijerinckiaceae,Roseiarcus
MGr2D2E2F__bin_58,Bacteria,Pseudomonadota,Alphaproteobacteria,Rhizobiales,Beijerinckiaceae,Roseiarcus
CRr2D2E2F__bin_104,Bacteria,Pseudomonadota,Alphaproteobacteria,Rhizobiales,Beijerinckiaceae,Roseiarcus
MGr3G3H3I__bin_71,Bacteria,Pseudomonadota,Alphaproteobacteria,Rhizobiales,Beijerinckiaceae,Roseiarcus
SEr3G3H3I__bin_90,Bacteria,Pseudomonadota,Alphaproteobacteria,Rhizobiales,Beijerinckiaceae,Roseiarcus
BAr1A1B1C__bin_73,Bacteria,Pseudomonadota,Alphaproteobacteria,Rhizobiales,Beijerinckiaceae,Roseiarcus
SEr2D2E2F__bin_6,Bacteria,Pseudomonadota,Alphaproteobacteria,Rhizobiales,Beijerinckiaceae,Roseiarcus
MGr2D2E2F__bin_121,Bacteria,Pseudomonadota,Alphaproteobacteria,Rhizobiales,Beijerinckiaceae,Roseiarcus
CRr3G3H3I__bin_118,Bacteria,Pseudomonadota,Alphaproteobacteria,Rhizobiales,Beijerinckiaceae,Roseiarcus
LAWAr2D2E2F__bin_121,Bacteria,Pseudomonadota,Alphaproteobacteria,Rhizobiales,Beijerinckiaceae,Roseiarcus
BAr2D2E2F__bin_78,Bacteria,Pseudomonadota,Alphaproteobacteria,Rhizobiales,Beijerinckiaceae,Roseiarcus
LASAr3G3H3I__bin_79,Bacteria,Pseudomonadota,Alphaproteobacteria,Rhizobiales,Beijerinckiaceae,Roseiarcus
MHr3G3H3I__bin_26,Bacteria,Pseudomonadota,Alphaproteobacteria,Rhizobiales,Beijerinckiaceae,Roseiarcus
SEr2D2E2F__bin_128,Bacteria,Pseudomonadota,Alphaproteobacteria,Rhizobiales,Beijerinckiaceae,Roseiarcus
MHr1A1B1C__bin_89,Bacteria,Pseudomonadota,Alphaproteobacteria,Rhizobiales,Beijerinckiaceae,Roseiarcus
BOr1A1B1C__bin_70,Bacteria,Pseudomonadota,Alphaproteobacteria,Rhizobiales,Beijerinckiaceae,Roseiarcus
CRr1A1B1C__bin_130,Bacteria,Pseudomonadota,Alphaproteobacteria,Rhizobiales,Beijerinckiaceae,Roseiarcus
BAr1A1B1C__bin_100,Bacteria,Pseudomonadota,Alphaproteobacteria,Rhizobiales,Beijerinckiaceae,
CRr3G3H3I__bin_63,Bacteria,Pseudomonadota,Alphaproteobacteria,Rhizobiales,Beijerinckiaceae,
MGr3G3H3I__bin_78,Bacteria,Pseudomonadota,Alphaproteobacteria,Rhizobiales,Beijerinckiaceae,
SEr2D2E2F__bin_114,Bacteria,Pseudomonadota,Alphaproteobacteria,Rhizobiales,Beijerinckiaceae,
SEr3G3H3I__bin_67,Bacteria,Pseudomonadota,Alphaproteobacteria,Rhizobiales,Beijerinckiaceae,
SEr2D2E2F__bin_94,Bacteria,Pseudomonadota,Alphaproteobacteria,Rhizobiales,Beijerinckiaceae,Methylovirgula
SEr3G3H3I__bin_159,Bacteria,Pseudomonadota,Alphaproteobacteria,Rhizobiales,Beijerinckiaceae,Methylovirgula
LASCr2D2E2F__bin_34,Bacteria,Pseudomonadota,Alphaproteobacteria,Rhizobiales,Beijerinckiaceae,Methylovirgula
MGr2D2E2F__bin_27,Bacteria,Pseudomonadota,Alphaproteobacteria,Rhizobiales,Beijerinckiaceae,Methylovirgula
SEr3G3H3I__bin_127,Bacteria,Pseudomonadota,Alphaproteobacteria,Rhizobiales,Beijerinckiaceae,Methylovirgula
CRr3G3H3I__bin_137,Bacteria,Pseudomonadota,Alphaproteobacteria,Rhizobiales,Beijerinckiaceae,Methylocella
CRr1A1B1C__bin_66,Bacteria,Pseudomonadota,Alphaproteobacteria,Rhizobiales,Beijerinckiaceae,Methylocella
BAr1A1B1C__bin_125,Bacteria,Pseudomonadota,Alphaproteobacteria,Rhizobiales,Beijerinckiaceae,Methylocella
MHr1A1B1C__bin_78,Bacteria,Pseudomonadota,Alphaproteobacteria,Rhizobiales,Beijerinckiaceae,Methylocella
CRr2D2E2F__bin_27,Bacteria,Pseudomonadota,Alphaproteobacteria,Rhizobiales,Beijerinckiaceae,Methylocella
BAr2D2E2F__bin_131,Bacteria,Pseudomonadota,Alphaproteobacteria,Rhizobiales,Beijerinckiaceae,Methylocella
LABRr1A1B1C__bin_109,Bacteria,Pseudomonadota,Alphaproteobacteria,Rhizobiales,Beijerinckiaceae,Methylocella
LASAr3G3H3I__bin_104,Bacteria,Pseudomonadota,Alphaproteobacteria,Rhizobiales,Beijerinckiaceae,Methylocella
LAWAr2D2E2F__bin_87,Bacteria,Pseudomonadota,Alphaproteobacteria,Rhizobiales,Beijerinckiaceae,Methylocella
BOr2D2E2F__bin_61,Bacteria,Pseudomonadota,Alphaproteobacteria,Rhizobiales,Beijerinckiaceae,Methylocella
MHr2D2E2F__bin_51,Bacteria,Pseudomonadota,Alphaproteobacteria,Rhizobiales,Beijerinckiaceae,Methylocella
BOr1A1B1C__bin_39,Bacteria,Pseudomonadota,Alphaproteobacteria,Rhizobiales,Beijerinckiaceae,Methylocella
BOr3G3H3I__bin_102,Bacteria,Pseudomonadota,Alphaproteobacteria,Rhizobiales,Beijerinckiaceae,Methylocella
SEr3G3H3I__bin_99,Bacteria,Pseudomonadota,Alphaproteobacteria,Rhizobiales,Beijerinckiaceae,Methylocella
MGr2D2E2F__bin_11,Bacteria,Pseudomonadota,Alphaproteobacteria,Rhizobiales,Beijerinckiaceae,Methylocella
MGr1A1B1C__bin_75,Bacteria,Pseudomonadota,Alphaproteobacteria,Rhizobiales,Beijerinckiaceae,Methylocella
LASYr2D2E2F__bin_114,Bacteria,Pseudomonadota,Alphaproteobacteria,Rhizobiales,Beijerinckiaceae,Methylocella
LABRr1A1B1C__bin_116,Bacteria,Pseudomonadota,Alphaproteobacteria,Rhizobiales,Beijerinckiaceae,Methylocella
SEr3G3H3I__bin_154,Bacteria,Pseudomonadota,Alphaproteobacteria,Rhizobiales,Beijerinckiaceae,Methylocella
CRr2D2E2F__bin_38,Bacteria,Pseudomonadota,Alphaproteobacteria,Rhizobiales,Beijerinckiaceae,Methylocella
LASCr2D2E2F__bin_129,Bacteria,Pseudomonadota,Alphaproteobacteria,Rhizobiales,Beijerinckiaceae,Methylocella
LABRr1A1B1C__bin_56,Bacteria,Pseudomonadota,Alphaproteobacteria,Rhizobiales,Beijerinckiaceae,Methylocystis
BAr2D2E2F__bin_111,Bacteria,Pseudomonadota,Alphaproteobacteria,Rhizobiales,Beijerinckiaceae,Methylocystis
CRr2D2E2F__bin_119,Bacteria,Pseudomonadota,Alphaproteobacteria,Rhizobiales,Beijerinckiaceae,Methylocystis
LASCr2D2E2F__bin_72,Bacteria,Pseudomonadota,Alphaproteobacteria,Rhizobiales,Beijerinckiaceae,Methylocystis
LABRr1A1B1C__bin_55,Bacteria,Pseudomonadota,Alphaproteobacteria,Rhizobiales,Beijerinckiaceae,Methylocystis
BOr2D2E2F__bin_39,Bacteria,Pseudomonadota,Alphaproteobacteria,Rhizobiales,Beijerinckiaceae,Rhodoblastus
CRr2D2E2F__bin_3,Bacteria,Pseudomonadota,Alphaproteobacteria,Rhizobiales,Beijerinckiaceae,Rhodoblastus
LAWAr2D2E2F__bin_17,Bacteria,Pseudomonadota,Alphaproteobacteria,Rhizobiales,Beijerinckiaceae,Rhodoblastus
BAr1A1B1C__bin_33,Bacteria,Pseudomonadota,Alphaproteobacteria,Rhizobiales,Beijerinckiaceae,Rhodoblastus
LASCr2D2E2F__bin_99,Bacteria,Pseudomonadota,Alphaproteobacteria,Rhizobiales,Beijerinckiaceae,Rhodoblastus
SEr3G3H3I__bin_73,Bacteria,Pseudomonadota,Alphaproteobacteria,Rhizobiales,Beijerinckiaceae,Rhodoblastus
CRr3G3H3I__bin_82,Bacteria,Pseudomonadota,Alphaproteobacteria,Rhizobiales,Beijerinckiaceae,Rhodoblastus
MHr1A1B1C__bin_77,Bacteria,Pseudomonadota,Alphaproteobacteria,Rhizobiales,Beijerinckiaceae,Rhodoblastus
SEr3G3H3I__bin_197,Bacteria,Pseudomonadota,Alphaproteobacteria,Rhizobiales,Beijerinckiaceae,Rhodoblastus
SEr2D2E2F__bin_79,Bacteria,Pseudomonadota,Alphaproteobacteria,Rhizobiales,Beijerinckiaceae,Rhodoblastus
CRr2D2E2F__bin_44,Bacteria,Pseudomonadota,Alphaproteobacteria,Rhizobiales,Beijerinckiaceae,Rhodoblastus
MHr3G3H3I__bin_51,Bacteria,Pseudomonadota,Alphaproteobacteria,Rhizobiales,Beijerinckiaceae,Rhodoblastus
LASAr3G3H3I__bin_66,Bacteria,Pseudomonadota,Alphaproteobacteria,Rhizobiales,Xanthobacteraceae,Pseudolabrys
SEr2D2E2F__bin_76,Bacteria,Pseudomonadota,Alphaproteobacteria,Rhizobiales,Xanthobacteraceae,Pseudolabrys
LAWAr2D2E2F__bin_155,Bacteria,Pseudomonadota,Alphaproteobacteria,Rhizobiales,Xanthobacteraceae,BOG-931
MHr2D2E2F__bin_50,Bacteria,Pseudomonadota,Alphaproteobacteria,Rhizobiales,Xanthobacteraceae,BOG-931
LASYr2D2E2F__bin_88,Bacteria,Pseudomonadota,Alphaproteobacteria,Rhizobiales,Xanthobacteraceae,BOG-931
MGr1A1B1C__bin_89,Bacteria,Pseudomonadota,Alphaproteobacteria,Rhizobiales,Xanthobacteraceae,BOG-931
MHr2D2E2F__bin_132,Bacteria,Pseudomonadota,Alphaproteobacteria,Rhizobiales,Xanthobacteraceae,BOG-931
SEr3G3H3I__bin_9,Bacteria,Pseudomonadota,Alphaproteobacteria,Rhizobiales,Xanthobacteraceae,BOG-931
SEr3G3H3I__bin_117,Bacteria,Pseudomonadota,Alphaproteobacteria,Rhizobiales,Xanthobacteraceae,BOG-931
BAr3G3H3I__bin_6,Bacteria,Pseudomonadota,Alphaproteobacteria,Rhizobiales,Xanthobacteraceae,BOG-931
SEr2D2E2F__bin_80,Bacteria,Pseudomonadota,Alphaproteobacteria,Rhizobiales,Xanthobacteraceae,BOG-931
LASAr3G3H3I__bin_140,Bacteria,Pseudomonadota,Alphaproteobacteria,Rhizobiales,Xanthobacteraceae,BOG-931
BOr2D2E2F__bin_49,Bacteria,Pseudomonadota,Alphaproteobacteria,Rhizobiales,Xanthobacteraceae,BOG-931
SEr3G3H3I__bin_118,Bacteria,Pseudomonadota,Alphaproteobacteria,Rhizobiales,Xanthobacteraceae,BOG-931
CRr3G3H3I__bin_47,Bacteria,Pseudomonadota,Alphaproteobacteria,Rhizobiales,Xanthobacteraceae,BOG-931
MHr2D2E2F__bin_119,Bacteria,Pseudomonadota,Alphaproteobacteria,Rhizobiales,Xanthobacteraceae,BOG-931
LASAr3G3H3I__bin_63,Bacteria,Pseudomonadota,Alphaproteobacteria,Rhizobiales,Xanthobacteraceae,BOG-931
LASYr2D2E2F__bin_33,Bacteria,Pseudomonadota,Alphaproteobacteria,Rhizobiales,Xanthobacteraceae,BOG-931
LAWAr2D2E2F__bin_27,Bacteria,Pseudomonadota,Alphaproteobacteria,Rhizobiales,Xanthobacteraceae,BOG-931
MHr3G3H3I__bin_83,Bacteria,Pseudomonadota,Alphaproteobacteria,Rhizobiales,Xanthobacteraceae,BOG-931
BOr1A1B1C__bin_20,Bacteria,Pseudomonadota,Alphaproteobacteria,Rhizobiales,Xanthobacteraceae,BOG-931
CRr1A1B1C__bin_138,Bacteria,Pseudomonadota,Alphaproteobacteria,Rhizobiales,Xanthobacteraceae,BOG-931
BAr2D2E2F__bin_130,Bacteria,Pseudomonadota,Alphaproteobacteria,Rhizobiales,Xanthobacteraceae,BOG-931
MGr2D2E2F__bin_99,Bacteria,Pseudomonadota,Alphaproteobacteria,Rhizobiales,Xanthobacteraceae,BOG-931
MGr3G3H3I__bin_82,Bacteria,Pseudomonadota,Alphaproteobacteria,Rhizobiales,Xanthobacteraceae,BOG-931
BAr1A1B1C__bin_44,Bacteria,Pseudomonadota,Alphaproteobacteria,Rhizobiales,Xanthobacteraceae,BOG-931
CRr1A1B1C__bin_41,Bacteria,Pseudomonadota,Alphaproteobacteria,Rhizobiales,Xanthobacteraceae,BOG-931
BAr2D2E2F__bin_71,Bacteria,Pseudomonadota,Alphaproteobacteria,Rhizobiales,Xanthobacteraceae,BOG-931
SEr2D2E2F__bin_110,Bacteria,Pseudomonadota,Alphaproteobacteria,Rhizobiales,Xanthobacteraceae,BOG-931
SEr3G3H3I__bin_77,Bacteria,Pseudomonadota,Alphaproteobacteria,Rhizobiales,Xanthobacteraceae,BOG-931
BAr1A1B1C__bin_108,Bacteria,Pseudomonadota,Alphaproteobacteria,Rhizobiales,Xanthobacteraceae,
LASYr2D2E2F__bin_101,Bacteria,Pseudomonadota,Alphaproteobacteria,Rhizobiales,Xanthobacteraceae,
MGr3G3H3I__bin_152,Bacteria,Pseudomonadota,Alphaproteobacteria,Rhizobiales,Xanthobacteraceae,Bradyrhizobium
LABRr1A1B1C__bin_37,Bacteria,Pseudomonadota,Alphaproteobacteria,Rhizobiales,Xanthobacteraceae,U87765
LASCr2D2E2F__bin_57,Bacteria,Pseudomonadota,Alphaproteobacteria,Rhizobiales,Xanthobacteraceae,U87765
MGr1A1B1C__bin_74,Bacteria,Pseudomonadota,Alphaproteobacteria,Rhizobiales,Xanthobacteraceae,U87765
BAr1A1B1C__bin_6,Bacteria,Pseudomonadota,Alphaproteobacteria,Rhizobiales,Xanthobacteraceae,U87765
MGr2D2E2F__bin_124,Bacteria,Pseudomonadota,Alphaproteobacteria,Rhizobiales,Xanthobacteraceae,U87765
MHr2D2E2F__bin_129,Bacteria,Pseudomonadota,Alphaproteobacteria,Rhizobiales,Methyloligellaceae,Methyloceanibacter
BAr2D2E2F__bin_51,Bacteria,Pseudomonadota,Alphaproteobacteria,Rhizobiales,Rhodomicrobiaceae,Rhodomicrobium
MGr2D2E2F__bin_116,Bacteria,Pseudomonadota,Alphaproteobacteria,Rhizobiales,Rhodomicrobiaceae,Rhodomicrobium
LAWAr2D2E2F__bin_105,Bacteria,Pseudomonadota,Alphaproteobacteria,Rhizobiales,Rhodomicrobiaceae,Rhodomicrobium
LASAr3G3H3I__bin_82,Bacteria,Pseudomonadota,Alphaproteobacteria,Rhizobiales,Rhodomicrobiaceae,Rhodomicrobium
MHr2D2E2F__bin_20,Bacteria,Pseudomonadota,Alphaproteobacteria,Rhizobiales,Rhodomicrobiaceae,Rhodomicrobium
MHr3G3H3I__bin_105,Bacteria,Pseudomonadota,Alphaproteobacteria,Rhizobiales,Rhodomicrobiaceae,Rhodomicrobium
CRr2D2E2F__bin_117,Bacteria,Pseudomonadota,Alphaproteobacteria,Rhizobiales,Rhodomicrobiaceae,Rhodomicrobium
MHr1A1B1C__bin_88,Bacteria,Pseudomonadota,Alphaproteobacteria,Rhizobiales,Rhodomicrobiaceae,Rhodomicrobium
BAr1A1B1C__bin_68,Bacteria,Pseudomonadota,Alphaproteobacteria,Rhizobiales,Rhodomicrobiaceae,Rhodomicrobium
CRr1A1B1C__bin_78,Bacteria,Pseudomonadota,Alphaproteobacteria,Rhizobiales,Rhodomicrobiaceae,Rhodomicrobium
BAr1A1B1C__bin_116,Bacteria,Pseudomonadota,Alphaproteobacteria,Rhizobiales,Rhodomicrobiaceae,Rhodomicrobium
LASAr3G3H3I__bin_142,Bacteria,Pseudomonadota,Alphaproteobacteria,Rhizobiales,Rhodomicrobiaceae,Rhodomicrobium
BOr2D2E2F__bin_66,Bacteria,Pseudomonadota,Alphaproteobacteria,Rhizobiales,Rhodomicrobiaceae,Rhodomicrobium
BOr1A1B1C__bin_7,Bacteria,Pseudomonadota,Alphaproteobacteria,Rhizobiales,Rhodomicrobiaceae,Rhodomicrobium
LASCr2D2E2F__bin_91,Bacteria,Pseudomonadota,Alphaproteobacteria,Rhizobiales,Rhodomicrobiaceae,Rhodomicrobium
LASYr2D2E2F__bin_28,Bacteria,Pseudomonadota,Alphaproteobacteria,Rhizobiales,Rhodomicrobiaceae,Rhodomicrobium
BOr3G3H3I__bin_3,Bacteria,Pseudomonadota,Alphaproteobacteria,Rhizobiales,Rhodomicrobiaceae,Rhodomicrobium
SEr2D2E2F__bin_67,Bacteria,Pseudomonadota,Alphaproteobacteria,Rhizobiales,Rhodomicrobiaceae,Rhodomicrobium
LASCr2D2E2F__bin_140,Bacteria,Pseudomonadota,Alphaproteobacteria,Rhizobiales,Rhodomicrobiaceae,Rhodomicrobium
LAWAr2D2E2F__bin_146,Bacteria,Pseudomonadota,Alphaproteobacteria,Rhizobiales,Rhodomicrobiaceae,Rhodomicrobium
SEr3G3H3I__bin_176,Bacteria,Pseudomonadota,Alphaproteobacteria,Rhizobiales,Rhodomicrobiaceae,Rhodomicrobium
MGr1A1B1C__bin_113,Bacteria,Pseudomonadota,Alphaproteobacteria,Rhizobiales,Rhodomicrobiaceae,Rhodomicrobium
MGr2D2E2F__bin_115,Bacteria,Pseudomonadota,Alphaproteobacteria,Rhizobiales,Rhodomicrobiaceae,Rhodomicrobium
LAWAr2D2E2F__bin_62,Bacteria,Pseudomonadota,Alphaproteobacteria,Rhizobiales,Rhodomicrobiaceae,Rhodomicrobium
LASCr2D2E2F__bin_16,Bacteria,Pseudomonadota,Alphaproteobacteria,Rhizobiales,Rhodomicrobiaceae,Rhodomicrobium
SEr3G3H3I__bin_11,Bacteria,Pseudomonadota,Alphaproteobacteria,Rhizobiales,Rhodomicrobiaceae,Rhodomicrobium
LASCr2D2E2F__bin_66,Bacteria,Pseudomonadota,Alphaproteobacteria,Micropepsales,Micropepsaceae,Rhizomicrobium
SEr3G3H3I__bin_267,Bacteria,Pseudomonadota,Alphaproteobacteria,Micropepsales,Micropepsaceae,Rhizomicrobium
LASAr3G3H3I__bin_105,Bacteria,Pseudomonadota,Alphaproteobacteria,,,
MGr3G3H3I__bin_160,Bacteria,Pseudomonadota,Alphaproteobacteria,,,
MHr2D2E2F__bin_5,Bacteria,Pseudomonadota,Alphaproteobacteria,ATCC43930,Stellaceae,
MGr3G3H3I__bin_138,Bacteria,Pseudomonadota,Alphaproteobacteria,ATCC43930,Stellaceae,
SEr3G3H3I__bin_86,Bacteria,Pseudomonadota,Alphaproteobacteria,ATCC43930,Stellaceae,
CRr3G3H3I__bin_61,Bacteria,Pseudomonadota,Alphaproteobacteria,ATCC43930,Stellaceae,
BAr1A1B1C__bin_32,Bacteria,Pseudomonadota,Alphaproteobacteria,ATCC43930,Stellaceae,
CRr1A1B1C__bin_98,Bacteria,Pseudomonadota,Alphaproteobacteria,ATCC43930,Stellaceae,
BOr1A1B1C__bin_72,Bacteria,Myxococcota,Myxococcia,Myxococcales,JAKAPL01,
BOr2D2E2F__bin_26,Bacteria,Myxococcota,Myxococcia,Myxococcales,JAKAPL01,
BOr1A1B1C__bin_84,Bacteria,Myxococcota,Myxococcia,Myxococcales,Myxococcaceae,
BOr2D2E2F__bin_32,Bacteria,Myxococcota,Myxococcia,Myxococcales,Myxococcaceae,
CRr3G3H3I__bin_127,Bacteria,Myxococcota,Myxococcia,Myxococcales,Myxococcaceae,
MHr3G3H3I__bin_84,Bacteria,Myxococcota,Myxococcia,Myxococcales,Myxococcaceae,
CRr1A1B1C__bin_136,Bacteria,Myxococcota,Myxococcia,Myxococcales,Myxococcaceae,
MHr1A1B1C__bin_33,Bacteria,Myxococcota,Myxococcia,Myxococcales,Myxococcaceae,
BAr1A1B1C__bin_58,Bacteria,Myxococcota,Polyangia,Polyangiales,Polyangiaceae,
BAr3G3H3I__bin_79,Bacteria,Myxococcota,Polyangia,Polyangiales,Polyangiaceae,Palsa-1150
MHr1A1B1C__bin_52,Bacteria,Myxococcota,Polyangia,Polyangiales,Polyangiaceae,
BAr1A1B1C__bin_25,Bacteria,Myxococcota,Polyangia,Polyangiales,Polyangiaceae,
CRr1A1B1C__bin_81,Bacteria,Myxococcota,Polyangia,Polyangiales,Polyangiaceae,
LABRr1A1B1C__bin_19,Bacteria,Myxococcota,Polyangia,Fen-1088,Fen-1088,Fen-1137
MGr1A1B1C__bin_119,Bacteria,Myxococcota,Polyangia,Fen-1088,Fen-1088,Fen-1137
MHr2D2E2F__bin_120,Bacteria,Desulfobacterota_B,Binatia,Binatales,Binataceae,
MHr2D2E2F__bin_85,Bacteria,Desulfobacterota_B,Binatia,Binatales,Binataceae,
BAr2D2E2F__bin_11,Bacteria,Desulfobacterota_B,Binatia,Binatales,Binataceae,Binatus
SEr2D2E2F__bin_85,Bacteria,Desulfobacterota_B,Binatia,Binatales,Binataceae,Binatus
LAWAr2D2E2F__bin_67,Bacteria,Desulfobacterota_B,Binatia,Binatales,Binataceae,Binatus
MHr1A1B1C__bin_68,Bacteria,Desulfobacterota_B,Binatia,Binatales,Binataceae,Binatus
SEr3G3H3I__bin_121,Bacteria,Desulfobacterota_B,Binatia,Binatales,Binataceae,Binatus
BOr1A1B1C__bin_78,Bacteria,Desulfobacterota_B,Binatia,Binatales,Binataceae,Binatus
CRr3G3H3I__bin_90,Bacteria,Desulfobacterota_B,Binatia,Binatales,Binataceae,Binatus
BOr2D2E2F__bin_44,Bacteria,Desulfobacterota_B,Binatia,Binatales,Binataceae,Binatus
LASCr2D2E2F__bin_131,Bacteria,Desulfobacterota_B,Binatia,Binatales,Binataceae,Binatus
LAWAr2D2E2F__bin_19,Bacteria,Desulfobacterota_B,Binatia,Binatales,Binataceae,Binatus
SEr3G3H3I__bin_7,Bacteria,Desulfobacterota_B,Binatia,Binatales,Binataceae,Binatus
BOr3G3H3I__bin_33,Bacteria,Desulfobacterota_B,Binatia,Binatales,Binataceae,Binatus
MHr2D2E2F__bin_126,Bacteria,Desulfobacterota_B,Binatia,Binatales,Binataceae,Binatus
LASAr3G3H3I__bin_44,Bacteria,Desulfobacterota_B,Binatia,Binatales,Binataceae,JAFAHS01
LASYr2D2E2F__bin_91,Bacteria,Desulfobacterota_B,Binatia,Binatales,Binataceae,JAFAHS01
BAr3G3H3I__bin_20,Bacteria,Desulfobacterota_B,Binatia,Binatales,Binataceae,
SEr3G3H3I__bin_28,Bacteria,Desulfobacterota_B,Binatia,Binatales,Binataceae,
LAWAr2D2E2F__bin_98,Bacteria,Desulfobacterota_B,Binatia,Binatales,Binataceae,
MHr3G3H3I__bin_61,Bacteria,Desulfobacterota_B,Binatia,Binatales,Binataceae,
CRr1A1B1C__bin_20,Bacteria,Desulfobacterota_B,Binatia,Binatales,Binataceae,
MHr1A1B1C__bin_48,Bacteria,Desulfobacterota_B,Binatia,Binatales,Binataceae,
LAWAr2D2E2F__bin_30,Bacteria,Desulfobacterota_B,Binatia,Binatales,Binataceae,
MGr3G3H3I__bin_77,Bacteria,Desulfobacterota_B,Binatia,Binatales,Binataceae,
MGr1A1B1C__bin_22,Bacteria,c__BSN033,o__BSN033,f__UBA1163,g__UBA1163,s__
MGr2D2E2F__bin_12,Bacteria,c__BSN033,o__BSN033,f__UBA1163,g__UBA1163,s__
MGr3G3H3I__bin_76,Bacteria,c__BSN033,o__BSN033,f__UBA1163,g__UBA1163,s__
MGr1A1B1C__bin_121,Bacteria,Desulfobacterota,Syntrophia,Syntrophales,UBA2185,Fen-1135
MGr2D2E2F__bin_107,Bacteria,Desulfobacterota,Syntrophia,Syntrophales,UBA2185,Fen-1135
SEr3G3H3I__bin_216,Bacteria,Desulfobacterota,Syntrophia,Syntrophales,Smithellaceae,Smithella
BAr1A1B1C__bin_65,Bacteria,Desulfobacterota,Syntrophia,Syntrophales,Smithellaceae,Smithella
LASCr2D2E2F__bin_147,Bacteria,Desulfobacterota,Syntrophia,Syntrophales,Smithellaceae,Smithella
CRr2D2E2F__bin_102,Bacteria,Desulfobacterota,Syntrophia,Syntrophales,Smithellaceae,Smithella
MGr1A1B1C__bin_114,Bacteria,Desulfobacterota,Syntrophia,Syntrophales,Smithellaceae,Smithella
MGr1A1B1C__bin_105,Bacteria,Desulfobacterota,Syntrophia,Syntrophales,Smithellaceae,Smithella
MGr3G3H3I__bin_122,Bacteria,Desulfobacterota,Syntrophia,Syntrophales,Smithellaceae,Smithella
MGr2D2E2F__bin_9,Bacteria,Desulfobacterota,Syntrophia,Syntrophales,Smithellaceae,Smithella
CRr2D2E2F__bin_51,Bacteria,Desulfobacterota,Desulfomonilia,Desulfomonilales,Desulfomonilaceae,CAJBEZ01
CRr1A1B1C__bin_61,Bacteria,Desulfobacterota,Desulfomonilia,Desulfomonilales,Desulfomonilaceae,CAJBEZ01
MHr1A1B1C__bin_14,Bacteria,Desulfobacterota,Desulfomonilia,Desulfomonilales,Desulfomonilaceae,CAJBEZ01
SEr2D2E2F__bin_130,Bacteria,Desulfobacterota,Desulfomonilia,Desulfomonilales,Desulfomonilaceae,CAJBEZ01
SEr3G3H3I__bin_282,Bacteria,Desulfobacterota,Desulfomonilia,Desulfomonilales,Desulfomonilaceae,CAJBEZ01
LABRr1A1B1C__bin_124,Bacteria,Desulfobacterota,Desulfomonilia,Desulfomonilales,Desulfomonilaceae,
MGr2D2E2F__bin_53,Bacteria,Desulfobacterota,Desulfomonilia,Desulfomonilales,Desulfomonilaceae,
LAWAr2D2E2F__bin_138,Bacteria,Desulfobacterota,Desulfomonilia,Desulfomonilales,Desulfomonilaceae,
MHr3G3H3I__bin_31,Bacteria,Desulfobacterota,Desulfomonilia,Desulfomonilales,Desulfomonilaceae,
LASCr2D2E2F__bin_65,Bacteria,Desulfobacterota,Desulfomonilia,Desulfomonilales,Desulfomonilaceae,
MGr2D2E2F__bin_117,Bacteria,Desulfobacterota,Desulfomonilia,UBA1062,UBA1062,MWEI01
LAWAr2D2E2F__bin_69,Bacteria,Desulfobacterota,Desulfobaccia,Desulfobaccales,0-14-0-80-60-11,0-14-0-80-60-11
LABRr1A1B1C__bin_40,Bacteria,Desulfobacterota,Desulfobaccia,Desulfobaccales,0-14-0-80-60-11,0-14-0-80-60-11
SEr3G3H3I__bin_140,Bacteria,Desulfobacterota,Desulfobaccia,Desulfobaccales,0-14-0-80-60-11,0-14-0-80-60-11
LABRr1A1B1C__bin_118,Bacteria,Desulfobacterota,Desulfobaccia,Desulfobaccales,0-14-0-80-60-11,0-14-0-80-60-11
MGr1A1B1C__bin_16,Bacteria,Desulfobacterota,Desulfobaccia,Desulfobaccales,0-14-0-80-60-11,0-14-0-80-60-11
MGr2D2E2F__bin_127,Bacteria,Desulfobacterota,Desulfobaccia,Desulfobaccales,0-14-0-80-60-11,0-14-0-80-60-11
CRr2D2E2F__bin_95,Bacteria,Desulfobacterota,Desulfobaccia,Desulfobaccales,0-14-0-80-60-11,0-14-0-80-60-11
CRr1A1B1C__bin_77,Bacteria,Desulfobacterota,Desulfobaccia,Desulfobaccales,0-14-0-80-60-11,0-14-0-80-60-11
MHr1A1B1C__bin_112,Bacteria,Desulfobacterota,Desulfobaccia,Desulfobaccales,0-14-0-80-60-11,0-14-0-80-60-11
BAr1A1B1C__bin_136,Bacteria,Desulfobacterota,Desulfobaccia,Desulfobaccales,0-14-0-80-60-11,0-14-0-80-60-11
BAr2D2E2F__bin_106,Bacteria,Desulfobacterota,Desulfobaccia,Desulfobaccales,0-14-0-80-60-11,0-14-0-80-60-11
BOr3G3H3I__bin_93,Bacteria,Desulfobacterota,Desulfobaccia,Desulfobaccales,0-14-0-80-60-11,0-14-0-80-60-11
LASYr2D2E2F__bin_65,Bacteria,Desulfobacterota,Desulfobaccia,Desulfobaccales,0-14-0-80-60-11,0-14-0-80-60-11
LASCr2D2E2F__bin_105,Bacteria,Desulfobacterota,Desulfobaccia,Desulfobaccales,0-14-0-80-60-11,0-14-0-80-60-11
BOr2D2E2F__bin_19,Bacteria,Desulfobacterota,Desulfobaccia,Desulfobaccales,0-14-0-80-60-11,0-14-0-80-60-11
SEr3G3H3I__bin_180,Bacteria,Desulfobacterota,Desulfobaccia,Desulfobaccales,0-14-0-80-60-11,0-14-0-80-60-11
LABRr1A1B1C__bin_32,Bacteria,Desulfobacterota,Desulfobaccia,Desulfobaccales,0-14-0-80-60-11,0-14-0-80-60-11
MGr1A1B1C__bin_57,Bacteria,Desulfobacterota,Desulfobaccia,Desulfobaccales,0-14-0-80-60-11,0-14-0-80-60-11
CRr3G3H3I__bin_20,Bacteria,Desulfobacterota,Desulfobaccia,Desulfobaccales,0-14-0-80-60-11,0-14-0-80-60-11
MHr1A1B1C__bin_79,Bacteria,Desulfobacterota,Desulfobaccia,Desulfobaccales,0-14-0-80-60-11,0-14-0-80-60-11
MHr3G3H3I__bin_39,Bacteria,Desulfobacterota,Desulfobaccia,Desulfobaccales,0-14-0-80-60-11,0-14-0-80-60-11
LABRr1A1B1C__bin_96,Bacteria,Desulfobacterota,Desulfobaccia,Desulfobaccales,0-14-0-80-60-11,
BAr1A1B1C__bin_48,Bacteria,Desulfobacterota,Syntrophobacteria,Syntrophobacterales,Syntrophobacteraceae,SbD1
LABRr1A1B1C__bin_15,Bacteria,Desulfobacterota,Syntrophobacteria,Syntrophobacterales,Syntrophobacteraceae,SbD1
MHr1A1B1C__bin_28,Bacteria,Desulfobacterota,Syntrophobacteria,Syntrophobacterales,Syntrophobacteraceae,SbD1
CRr1A1B1C__bin_67,Bacteria,Desulfobacterota,Syntrophobacteria,Syntrophobacterales,Syntrophobacteraceae,SbD1
LABRr1A1B1C__bin_108,Bacteria,Desulfobacterota,Syntrophobacteria,Syntrophobacterales,Syntrophobacteraceae,SbD1
BAr1A1B1C__bin_78,Bacteria,Desulfobacterota,Syntrophobacteria,Syntrophobacterales,Syntrophobacteraceae,SbD1
MGr1A1B1C__bin_23,Bacteria,Desulfobacterota,Syntrophobacteria,Syntrophobacterales,Syntrophobacteraceae,SbD1
MHr3G3H3I__bin_37,Bacteria,Desulfobacterota,Syntrophobacteria,Syntrophobacterales,Syntrophobacteraceae,SbD1
CRr2D2E2F__bin_5,Bacteria,Desulfobacterota,Syntrophobacteria,Syntrophobacterales,Syntrophobacteraceae,SbD1
MGr2D2E2F__bin_55,Bacteria,Desulfobacterota,Syntrophobacteria,Syntrophobacterales,Syntrophobacteraceae,SbD1
CRr3G3H3I__bin_27,Bacteria,Desulfobacterota,Syntrophobacteria,Syntrophobacterales,Syntrophobacteraceae,SbD1
LAWAr2D2E2F__bin_103,Bacteria,Desulfobacterota,Syntrophobacteria,Syntrophobacterales,Syntrophobacteraceae,SbD1
MHr2D2E2F__bin_75,Bacteria,Desulfobacterota,Syntrophobacteria,Syntrophobacterales,Syntrophobacteraceae,SbD1
MGr3G3H3I__bin_4,Bacteria,Desulfobacterota,Syntrophobacteria,Syntrophobacterales,Syntrophobacteraceae,SbD1
CRr1A1B1C__bin_103,Bacteria,Desulfobacterota,Syntrophobacteria,Syntrophobacterales,Syntrophobacteraceae,SbD1
CRr2D2E2F__bin_94,Bacteria,Desulfobacterota,Syntrophobacteria,Syntrophobacterales,Syntrophobacteraceae,SbD1
MHr1A1B1C__bin_43,Bacteria,Desulfobacterota,Syntrophobacteria,Syntrophobacterales,Syntrophobacteraceae,SbD1
MGr1A1B1C__bin_112,Bacteria,Desulfobacterota,Syntrophobacteria,Syntrophobacterales,Syntrophobacteraceae,SbD1
LASCr2D2E2F__bin_51,Bacteria,Desulfobacterota,Syntrophobacteria,Syntrophobacterales,Syntrophobacteraceae,SbD1
MHr3G3H3I__bin_4,Bacteria,Desulfobacterota,Syntrophobacteria,Syntrophobacterales,Syntrophobacteraceae,SbD1
BOr1A1B1C__bin_60,Bacteria,Desulfobacterota,Syntrophobacteria,Syntrophobacterales,Syntrophobacteraceae,SbD1
SEr3G3H3I__bin_174,Bacteria,Desulfobacterota,Syntrophobacteria,Syntrophobacterales,Syntrophobacteraceae,SbD1
BAr1A1B1C__bin_8,Bacteria,Desulfobacterota,Syntrophobacteria,Syntrophobacterales,Syntrophobacteraceae,SbD1
BOr2D2E2F__bin_46,Bacteria,Desulfobacterota,Syntrophobacteria,Syntrophobacterales,Syntrophobacteraceae,SbD1
LASAr3G3H3I__bin_32,Bacteria,Desulfobacterota,Syntrophobacteria,Syntrophobacterales,Syntrophobacteraceae,SbD1
SEr2D2E2F__bin_135,Bacteria,Desulfobacterota,Syntrophobacteria,Syntrophobacterales,Syntrophobacteraceae,SbD1
CRr3G3H3I__bin_135,Bacteria,Desulfobacterota,Syntrophobacteria,Syntrophobacterales,Syntrophobacteraceae,SbD1
BAr3G3H3I__bin_95,Bacteria,Gemmatimonadota,Gemmatimonadetes,Gemmatimonadales,Gemmatimonadaceae,Palsa-1248
SEr2D2E2F__bin_46,Bacteria,Bacteroidota,Bacteroidia,AKYH767,Palsa-948_A,JABEUT01
LABRr1A1B1C__bin_36,Bacteria,Bacteroidota,Kryptonia,Kryptoniales,JAKASW01,JAKASW01
LASCr2D2E2F__bin_32,Bacteria,Bacteroidota,Kryptonia,Kryptoniales,JAKASW01,JAKASW01
SEr3G3H3I__bin_258,Bacteria,Planctomycetota,Brocadiia,,,
CRr3G3H3I__bin_11,Bacteria,Planctomycetota,Brocadiia,,,
MGr3G3H3I__bin_173,Bacteria,Planctomycetota,Brocadiia,,,
MGr1A1B1C__bin_31,Bacteria,Planctomycetota,Brocadiia,,,
LABRr1A1B1C__bin_94,Bacteria,Planctomycetota,Planctomycetia,Isosphaerales,Isosphaeraceae,
BAr2D2E2F__bin_18,Bacteria,Planctomycetota,Planctomycetia,Isosphaerales,Isosphaeraceae,
LASAr3G3H3I__bin_48,Bacteria,Planctomycetota,Planctomycetia,Isosphaerales,Isosphaeraceae,
LASYr2D2E2F__bin_78,Bacteria,Planctomycetota,Planctomycetia,Isosphaerales,Isosphaeraceae,
BOr3G3H3I__bin_12,Bacteria,Planctomycetota,Planctomycetia,Isosphaerales,Isosphaeraceae,
BAr1A1B1C__bin_20,Bacteria,Planctomycetota,Planctomycetia,Isosphaerales,Isosphaeraceae,
LASCr2D2E2F__bin_89,Bacteria,Planctomycetota,Planctomycetia,Isosphaerales,Isosphaeraceae,
LASCr2D2E2F__bin_37,Bacteria,Planctomycetota,Planctomycetia,Isosphaerales,Isosphaeraceae,
LAWAr2D2E2F__bin_38,Bacteria,Planctomycetota,Planctomycetia,Isosphaerales,Isosphaeraceae,
MHr3G3H3I__bin_119,Bacteria,Planctomycetota,Planctomycetia,Isosphaerales,Isosphaeraceae,
CRr3G3H3I__bin_62,Bacteria,Planctomycetota,Planctomycetia,Isosphaerales,Isosphaeraceae,
CRr1A1B1C__bin_11,Bacteria,Planctomycetota,Planctomycetia,Isosphaerales,Isosphaeraceae,
MHr1A1B1C__bin_120,Bacteria,Planctomycetota,Planctomycetia,Isosphaerales,Isosphaeraceae,
SEr2D2E2F__bin_107,Bacteria,Planctomycetota,Planctomycetia,Isosphaerales,Isosphaeraceae,
MHr2D2E2F__bin_46,Bacteria,Planctomycetota,Planctomycetia,Isosphaerales,Isosphaeraceae,
MHr3G3H3I__bin_100,Bacteria,Planctomycetota,Planctomycetia,Isosphaerales,Isosphaeraceae,
LASCr2D2E2F__bin_68,Bacteria,Planctomycetota,Planctomycetia,Isosphaerales,Isosphaeraceae,
BOr2D2E2F__bin_7,Bacteria,Planctomycetota,Planctomycetia,Isosphaerales,Isosphaeraceae,
LASAr3G3H3I__bin_123,Bacteria,Planctomycetota,Planctomycetia,Isosphaerales,Isosphaeraceae,
LASYr2D2E2F__bin_93,Bacteria,Planctomycetota,Planctomycetia,Isosphaerales,Isosphaeraceae,
LASYr2D2E2F__bin_46,Bacteria,Planctomycetota,Planctomycetia,Isosphaerales,Isosphaeraceae,
MGr2D2E2F__bin_129,Bacteria,Planctomycetota,Planctomycetia,Pirellulales,Thermoguttaceae,
SEr3G3H3I__bin_35,Bacteria,Planctomycetota,Planctomycetia,Pirellulales,Thermoguttaceae,
CRr3G3H3I__bin_8,Bacteria,Planctomycetota,Planctomycetia,Pirellulales,Thermoguttaceae,
SEr3G3H3I__bin_143,Bacteria,Planctomycetota,Planctomycetia,Pirellulales,Thermoguttaceae,
LASCr2D2E2F__bin_59,Bacteria,Planctomycetota,Planctomycetia,Pirellulales,Thermoguttaceae,
BOr2D2E2F__bin_82,Bacteria,Planctomycetota,Planctomycetia,Pirellulales,Thermoguttaceae,
MGr3G3H3I__bin_90,Bacteria,Planctomycetota,Planctomycetia,Pirellulales,Thermoguttaceae,
SEr3G3H3I__bin_103,Bacteria,Planctomycetota,Planctomycetia,Pirellulales,Thermoguttaceae,
SEr3G3H3I__bin_195,Bacteria,Planctomycetota,Planctomycetia,Gemmatales,Gemmataceae,
MHr2D2E2F__bin_42,Bacteria,Verrucomicrobiota,Verrucomicrobiae,Chthoniobacterales,JAFAMB01,JAFAMB01
CRr2D2E2F__bin_13,Bacteria,Verrucomicrobiota,Verrucomicrobiae,Pedosphaerales,UBA8199,PALSA-1440
MGr3G3H3I__bin_131,Bacteria,Verrucomicrobiota,Verrucomicrobiae,Pedosphaerales,UBA8199,PALSA-1440
MGr1A1B1C__bin_132,Bacteria,Verrucomicrobiota,Verrucomicrobiae,Pedosphaerales,UBA8199,
BAr1A1B1C__bin_27,Bacteria,Verrucomicrobiota,Verrucomicrobiae,Pedosphaerales,UBA8199,
SEr3G3H3I__bin_75,Bacteria,Verrucomicrobiota,Verrucomicrobiae,Pedosphaerales,UBA8199,
LAWAr2D2E2F__bin_156,Bacteria,Verrucomicrobiota,Verrucomicrobiae,Pedosphaerales,UBA11358,
SEr2D2E2F__bin_123,Bacteria,Verrucomicrobiota,Verrucomicrobiae,Pedosphaerales,UBA11358,
BOr3G3H3I__bin_50,Bacteria,Verrucomicrobiota,Verrucomicrobiae,Pedosphaerales,UBA11358,UBA7542
LASAr3G3H3I__bin_57,Bacteria,Verrucomicrobiota,Verrucomicrobiae,Pedosphaerales,UBA11358,UBA7542
LAWAr2D2E2F__bin_93,Bacteria,Verrucomicrobiota,Verrucomicrobiae,Pedosphaerales,UBA11358,UBA7542
LASCr2D2E2F__bin_97,Bacteria,Verrucomicrobiota,Verrucomicrobiae,Pedosphaerales,UBA11358,UBA7542
MHr3G3H3I__bin_23,Bacteria,Verrucomicrobiota,Verrucomicrobiae,Pedosphaerales,UBA11358,UBA7542
CRr1A1B1C__bin_115,Bacteria,Verrucomicrobiota,Verrucomicrobiae,Pedosphaerales,UBA11358,UBA7542
BAr1A1B1C__bin_41,Bacteria,Verrucomicrobiota,Verrucomicrobiae,Pedosphaerales,UBA11358,UBA7542
CRr3G3H3I__bin_38,Bacteria,Verrucomicrobiota,Verrucomicrobiae,Pedosphaerales,UBA11358,UBA7542
MHr3G3H3I__bin_27,Bacteria,Verrucomicrobiota,Verrucomicrobiae,Pedosphaerales,UBA11358,UBA7542
SEr2D2E2F__bin_73,Bacteria,Verrucomicrobiota,Verrucomicrobiae,Pedosphaerales,UBA11358,UBA7542
CRr2D2E2F__bin_124,Bacteria,Verrucomicrobiota,Verrucomicrobiae,Pedosphaerales,UBA11358,UBA7542
CRr3G3H3I__bin_30,Bacteria,Verrucomicrobiota,Verrucomicrobiae,Pedosphaerales,UBA11358,UBA7542
MGr2D2E2F__bin_6,Bacteria,Verrucomicrobiota,Verrucomicrobiae,Pedosphaerales,UBA11358,UBA7542
MHr3G3H3I__bin_13,Bacteria,Verrucomicrobiota,Verrucomicrobiae,Pedosphaerales,UBA11358,UBA7542
MGr3G3H3I__bin_53,Bacteria,Verrucomicrobiota,Verrucomicrobiae,Pedosphaerales,UBA11358,UBA7542
CRr1A1B1C__bin_76,Bacteria,Verrucomicrobiota,Verrucomicrobiae,Pedosphaerales,UBA11358,UBA7542
SEr3G3H3I__bin_68,Bacteria,Verrucomicrobiota,Verrucomicrobiae,Pedosphaerales,UBA11358,UBA7542
SEr3G3H3I__bin_206,Bacteria,Verrucomicrobiota,Verrucomicrobiae,Pedosphaerales,UBA11358,
SEr3G3H3I__bin_235,Bacteria,Verrucomicrobiota,Verrucomicrobiae,Pedosphaerales,Pedosphaeraceae,
SEr2D2E2F__bin_178,Bacteria,Verrucomicrobiota,Verrucomicrobiae,Pedosphaerales,Palsa-1400,
LASAr3G3H3I__bin_43,Bacteria,Verrucomicrobiota,Verrucomicrobiae,Pedosphaerales,Palsa-1400,Palsa-1400
MHr3G3H3I__bin_66,Bacteria,Verrucomicrobiota,Verrucomicrobiae,Pedosphaerales,Palsa-1400,Palsa-1400
SEr2D2E2F__bin_43,Bacteria,Verrucomicrobiota,Verrucomicrobiae,Pedosphaerales,Palsa-1400,Palsa-1400
SEr3G3H3I__bin_261,Bacteria,Verrucomicrobiota,Verrucomicrobiae,Pedosphaerales,Palsa-1400,Palsa-1400
MGr2D2E2F__bin_77,Bacteria,Verrucomicrobiota,Verrucomicrobiae,Palsa-1439,Palsa-1439,Palsa-1439
CRr3G3H3I__bin_98,Bacteria,Verrucomicrobiota,Verrucomicrobiae,Palsa-1439,Palsa-1439,Palsa-1439
CRr1A1B1C__bin_49,Bacteria,Verrucomicrobiota,Verrucomicrobiae,Palsa-1439,Palsa-1439,Palsa-1439
CRr2D2E2F__bin_62,Bacteria,Verrucomicrobiota,Verrucomicrobiae,Palsa-1439,Palsa-1439,Palsa-1439
MHr1A1B1C__bin_97,Bacteria,Verrucomicrobiota,Verrucomicrobiae,Palsa-1439,Palsa-1439,Palsa-1439
MGr1A1B1C__bin_45,Bacteria,Verrucomicrobiota,Verrucomicrobiae,Palsa-1439,Palsa-1439,Palsa-1439
LASAr3G3H3I__bin_72,Bacteria,Actinomycetota,Acidimicrobiia,Acidimicrobiales,Palsa-688,
CRr2D2E2F__bin_79,Bacteria,Actinomycetota,Acidimicrobiia,Acidimicrobiales,Palsa-688,Fen-671
LASAr3G3H3I__bin_143,Bacteria,Actinomycetota,Acidimicrobiia,Acidimicrobiales,Palsa-688,Fen-671
SEr2D2E2F__bin_181,Bacteria,Actinomycetota,Acidimicrobiia,Acidimicrobiales,Palsa-688,Fen-671
SEr3G3H3I__bin_199,Bacteria,Actinomycetota,Acidimicrobiia,Acidimicrobiales,Palsa-688,Fen-671
LASCr2D2E2F__bin_54,Bacteria,Actinomycetota,Acidimicrobiia,Acidimicrobiales,Bog-793,
MGr2D2E2F__bin_102,Bacteria,Actinomycetota,Acidimicrobiia,Acidimicrobiales,Bog-793,
MGr1A1B1C__bin_117,Bacteria,Actinomycetota,Acidimicrobiia,Acidimicrobiales,Bog-793,
MGr2D2E2F__bin_40,Bacteria,Actinomycetota,Acidimicrobiia,Acidimicrobiales,Bog-793,
CRr1A1B1C__bin_31,Bacteria,Actinomycetota,Acidimicrobiia,Acidimicrobiales,Bog-793,
MHr1A1B1C__bin_60,Bacteria,Actinomycetota,Acidimicrobiia,Acidimicrobiales,Bog-793,
LABRr1A1B1C__bin_78,Bacteria,Actinomycetota,Acidimicrobiia,Acidimicrobiales,Bog-793,
LASCr2D2E2F__bin_90,Bacteria,Actinomycetota,Acidimicrobiia,Acidimicrobiales,Bog-793,
BAr1A1B1C__bin_127,Bacteria,Actinomycetota,Acidimicrobiia,Acidimicrobiales,Bog-793,
SEr2D2E2F__bin_131,Bacteria,Actinomycetota,Acidimicrobiia,Acidimicrobiales,Bog-793,
MGr1A1B1C__bin_50,Bacteria,Actinomycetota,Acidimicrobiia,Acidimicrobiales,Bog-793,Fen-455
BAr1A1B1C__bin_122,Bacteria,Actinomycetota,Acidimicrobiia,Acidimicrobiales,Bog-793,Fen-455
CRr2D2E2F__bin_52,Bacteria,Actinomycetota,Acidimicrobiia,Acidimicrobiales,Bog-793,Fen-455
BAr1A1B1C__bin_82,Bacteria,Actinomycetota,Acidimicrobiia,Acidimicrobiales,Bog-793,Fen-455
CRr1A1B1C__bin_55,Bacteria,Actinomycetota,Acidimicrobiia,Acidimicrobiales,Bog-793,Fen-455
CRr3G3H3I__bin_35,Bacteria,Actinomycetota,Acidimicrobiia,Acidimicrobiales,Bog-793,Fen-455
MGr2D2E2F__bin_13,Bacteria,Actinomycetota,Acidimicrobiia,Acidimicrobiales,Bog-793,Fen-455
MGr3G3H3I__bin_103,Bacteria,Actinomycetota,Acidimicrobiia,Acidimicrobiales,Bog-793,Fen-455
SEr3G3H3I__bin_33,Bacteria,Actinomycetota,Acidimicrobiia,Acidimicrobiales,Bog-793,Fen-455
MGr1A1B1C__bin_130,Bacteria,Actinomycetota,Acidimicrobiia,Acidimicrobiales,Bog-793,Fen-455
LASAr3G3H3I__bin_49,Bacteria,Actinomycetota,Acidimicrobiia,Acidimicrobiales,Bog-793,Fen-455
LABRr1A1B1C__bin_139,Bacteria,Actinomycetota,Acidimicrobiia,Acidimicrobiales,Bog-793,Fen-455
LASCr2D2E2F__bin_25,Bacteria,Actinomycetota,Acidimicrobiia,Acidimicrobiales,Bog-793,Fen-455
LAWAr2D2E2F__bin_130,Bacteria,Actinomycetota,Acidimicrobiia,Acidimicrobiales,Bog-793,Fen-455
MHr3G3H3I__bin_73,Bacteria,Actinomycetota,Acidimicrobiia,Acidimicrobiales,Bog-793,Fen-455
CRr2D2E2F__bin_57,Bacteria,Actinomycetota,Acidimicrobiia,Acidimicrobiales,Bog-793,Fen-455
MGr2D2E2F__bin_118,Bacteria,Actinomycetota,Acidimicrobiia,Acidimicrobiales,Bog-793,
MGr1A1B1C__bin_84,Bacteria,Actinomycetota,Acidimicrobiia,Acidimicrobiales,Bog-793,
MGr3G3H3I__bin_125,Bacteria,Actinomycetota,Acidimicrobiia,Acidimicrobiales,Bog-793,
BAr2D2E2F__bin_7,Bacteria,Actinomycetota,Acidimicrobiia,Acidimicrobiales,Bog-793,
CRr3G3H3I__bin_42,Bacteria,Actinomycetota,Acidimicrobiia,Acidimicrobiales,Bog-793,
SEr2D2E2F__bin_140,Bacteria,Actinomycetota,Acidimicrobiia,Acidimicrobiales,Bog-793,
BAr1A1B1C__bin_135,Bacteria,Actinomycetota,Acidimicrobiia,Acidimicrobiales,Bog-793,
BAr2D2E2F__bin_96,Bacteria,Actinomycetota,Acidimicrobiia,Acidimicrobiales,Bog-793,
CRr1A1B1C__bin_104,Bacteria,Actinomycetota,Acidimicrobiia,Acidimicrobiales,Bog-793,
MHr1A1B1C__bin_13,Bacteria,Actinomycetota,Acidimicrobiia,Acidimicrobiales,Bog-793,
BOr3G3H3I__bin_5,Bacteria,Actinomycetota,Acidimicrobiia,Acidimicrobiales,,
LASAr3G3H3I__bin_94,Bacteria,Actinomycetota,Acidimicrobiia,Acidimicrobiales,,
CRr1A1B1C__bin_23,Bacteria,Actinomycetota,Acidimicrobiia,Acidimicrobiales,UBA8190,
MHr1A1B1C__bin_39,Bacteria,Actinomycetota,Acidimicrobiia,Acidimicrobiales,UBA8190,
MGr3G3H3I__bin_155,Bacteria,Actinomycetota,Acidimicrobiia,Acidimicrobiales,RAAP-2,Bog-756
MHr1A1B1C__bin_22,Bacteria,Actinomycetota,Acidimicrobiia,Acidimicrobiales,RAAP-2,Bog-756
MGr1A1B1C__bin_99,Bacteria,Actinomycetota,Acidimicrobiia,Acidimicrobiales,RAAP-2,Bog-756
CRr3G3H3I__bin_51,Bacteria,Actinomycetota,Acidimicrobiia,Acidimicrobiales,RAAP-2,Bog-756
MHr3G3H3I__bin_74,Bacteria,Actinomycetota,Acidimicrobiia,Acidimicrobiales,RAAP-2,Bog-756
CRr2D2E2F__bin_58,Bacteria,Actinomycetota,Acidimicrobiia,Acidimicrobiales,RAAP-2,Bog-756
CRr3G3H3I__bin_58,Bacteria,Actinomycetota,Acidimicrobiia,Acidimicrobiales,RAAP-2,Bog-756
MHr1A1B1C__bin_83,Bacteria,Actinomycetota,Acidimicrobiia,Acidimicrobiales,RAAP-2,Bog-756
MHr3G3H3I__bin_25,Bacteria,Actinomycetota,Acidimicrobiia,Acidimicrobiales,RAAP-2,Bog-756
LASCr2D2E2F__bin_94,Bacteria,Actinomycetota,Acidimicrobiia,Acidimicrobiales,RAAP-2,RAAP-2
BAr2D2E2F__bin_127,Bacteria,Actinomycetota,Acidimicrobiia,Acidimicrobiales,RAAP-2,RAAP-2
BAr2D2E2F__bin_86,Bacteria,Actinomycetota,Acidimicrobiia,Acidimicrobiales,RAAP-2,RAAP-2
BOr1A1B1C__bin_81,Bacteria,Actinomycetota,Acidimicrobiia,Acidimicrobiales,RAAP-2,RAAP-2
LASCr2D2E2F__bin_86,Bacteria,Actinomycetota,Acidimicrobiia,Acidimicrobiales,RAAP-2,
CRr3G3H3I__bin_99,Bacteria,Actinomycetota,Acidimicrobiia,Acidimicrobiales,RAAP-2,
LASYr2D2E2F__bin_118,Bacteria,Actinomycetota,Acidimicrobiia,Acidimicrobiales,RAAP-2,
LASAr3G3H3I__bin_15,Bacteria,Actinomycetota,Acidimicrobiia,Acidimicrobiales,RAAP-2,
SEr2D2E2F__bin_129,Bacteria,Actinomycetota,Acidimicrobiia,Acidimicrobiales,RAAP-2,
BAr2D2E2F__bin_26,Bacteria,Actinomycetota,Acidimicrobiia,Acidimicrobiales,RAAP-2,Bog-473
SEr3G3H3I__bin_100,Bacteria,Actinomycetota,Acidimicrobiia,Acidimicrobiales,RAAP-2,Bog-473
BAr3G3H3I__bin_98,Bacteria,Actinomycetota,Acidimicrobiia,Acidimicrobiales,RAAP-2,Bog-473
BAr2D2E2F__bin_27,Bacteria,Actinomycetota,Acidimicrobiia,Acidimicrobiales,RAAP-2,Bog-473
MHr1A1B1C__bin_37,Bacteria,Actinomycetota,Acidimicrobiia,Acidimicrobiales,RAAP-2,Bog-473
BAr3G3H3I__bin_85,Bacteria,Actinomycetota,Acidimicrobiia,Acidimicrobiales,RAAP-2,Bog-473
CRr1A1B1C__bin_85,Bacteria,Actinomycetota,Acidimicrobiia,Acidimicrobiales,RAAP-2,Bog-473
MHr1A1B1C__bin_12,Bacteria,Actinomycetota,Acidimicrobiia,Acidimicrobiales,RAAP-2,Bog-473
BOr1A1B1C__bin_6,Bacteria,Actinomycetota,Acidimicrobiia,Acidimicrobiales,RAAP-2,Bog-473
BOr3G3H3I__bin_97,Bacteria,Actinomycetota,Acidimicrobiia,Acidimicrobiales,RAAP-2,Bog-473
SEr2D2E2F__bin_66,Bacteria,Actinomycetota,Acidimicrobiia,Acidimicrobiales,RAAP-2,Bog-473
CRr3G3H3I__bin_52,Bacteria,Actinomycetota,Acidimicrobiia,Acidimicrobiales,RAAP-2,Bog-473
MHr3G3H3I__bin_49,Bacteria,Actinomycetota,Acidimicrobiia,Acidimicrobiales,RAAP-2,Bog-473
CRr1A1B1C__bin_125,Bacteria,Actinomycetota,Acidimicrobiia,Acidimicrobiales,RAAP-2,Bog-473
MHr1A1B1C__bin_10,Bacteria,Actinomycetota,Acidimicrobiia,Acidimicrobiales,RAAP-2,Bog-473
MGr3G3H3I__bin_142,Bacteria,Actinomycetota,Acidimicrobiia,Acidimicrobiales,RAAP-2,Bog-473
LAWAr2D2E2F__bin_49,Bacteria,Actinomycetota,Acidimicrobiia,Acidimicrobiales,RAAP-2,Bog-473
SEr2D2E2F__bin_154,Bacteria,Actinomycetota,Acidimicrobiia,Acidimicrobiales,RAAP-2,Bog-473
MGr2D2E2F__bin_4,Bacteria,Actinomycetota,Acidimicrobiia,Acidimicrobiales,RAAP-2,Bog-473
BAr3G3H3I__bin_81,Bacteria,Actinomycetota,Acidimicrobiia,IMCC26256,PALSA-610,
BOr1A1B1C__bin_87,Bacteria,Actinomycetota,Actinomycetia,Streptosporangiales,Streptosporangiaceae,
MHr1A1B1C__bin_4,Bacteria,Actinomycetota,Actinomycetia,Streptosporangiales,Streptosporangiaceae,
CRr1A1B1C__bin_71,Bacteria,Actinomycetota,Actinomycetia,Streptosporangiales,Streptosporangiaceae,
CRr2D2E2F__bin_89,Bacteria,Actinomycetota,Actinomycetia,Streptosporangiales,Streptosporangiaceae,
MGr1A1B1C__bin_51,Bacteria,Actinomycetota,Actinomycetia,Streptosporangiales,Streptosporangiaceae,
CRr3G3H3I__bin_97,Bacteria,Actinomycetota,Actinomycetia,Streptosporangiales,Streptosporangiaceae,
MHr3G3H3I__bin_16,Bacteria,Actinomycetota,Actinomycetia,Streptosporangiales,Streptosporangiaceae,
MGr1A1B1C__bin_5,Bacteria,Actinomycetota,Actinomycetia,Streptosporangiales,Streptosporangiaceae,
MGr2D2E2F__bin_106,Bacteria,Actinomycetota,Actinomycetia,Streptosporangiales,Streptosporangiaceae,
MGr3G3H3I__bin_97,Bacteria,Actinomycetota,Actinomycetia,Streptosporangiales,Streptosporangiaceae,
LASYr2D2E2F__bin_36,Bacteria,Actinomycetota,Actinomycetia,Streptosporangiales,Streptosporangiaceae,Chersky-822
MGr3G3H3I__bin_79,Bacteria,Actinomycetota,Actinomycetia,Streptosporangiales,Streptosporangiaceae,
MGr1A1B1C__bin_138,Bacteria,Actinomycetota,Actinomycetia,Streptosporangiales,Streptosporangiaceae,
MGr2D2E2F__bin_105,Bacteria,Actinomycetota,Actinomycetia,Streptosporangiales,Streptosporangiaceae,
SEr2D2E2F__bin_31,Bacteria,Actinomycetota,Actinomycetia,Streptosporangiales,Streptosporangiaceae,
BAr2D2E2F__bin_87,Bacteria,Actinomycetota,Actinomycetia,Streptosporangiales,Streptosporangiaceae,
MHr3G3H3I__bin_111,Bacteria,Actinomycetota,Actinomycetia,Streptosporangiales,Streptosporangiaceae,
CRr3G3H3I__bin_43,Bacteria,Actinomycetota,Actinomycetia,Streptosporangiales,Streptosporangiaceae,
CRr2D2E2F__bin_18,Bacteria,Actinomycetota,Actinomycetia,Streptosporangiales,Streptosporangiaceae,
BAr2D2E2F__bin_2,Bacteria,Actinomycetota,Actinomycetia,Streptosporangiales,Streptosporangiaceae,
MHr2D2E2F__bin_106,Bacteria,Actinomycetota,Actinomycetia,Streptosporangiales,Streptosporangiaceae,
MHr2D2E2F__bin_133,Bacteria,Actinomycetota,Actinomycetia,Streptosporangiales,Streptosporangiaceae,
BOr1A1B1C__bin_27,Bacteria,Actinomycetota,Actinomycetia,Streptosporangiales,Streptosporangiaceae,Bog-532
CRr1A1B1C__bin_117,Bacteria,Actinomycetota,Actinomycetia,Streptosporangiales,Streptosporangiaceae,Bog-532
MHr1A1B1C__bin_59,Bacteria,Actinomycetota,Actinomycetia,Streptosporangiales,Streptosporangiaceae,Bog-532
BAr1A1B1C__bin_19,Bacteria,Actinomycetota,Actinomycetia,Streptosporangiales,Streptosporangiaceae,Bog-532
CRr2D2E2F__bin_63,Bacteria,Actinomycetota,Actinomycetia,Streptosporangiales,Streptosporangiaceae,Bog-532
MHr3G3H3I__bin_40,Bacteria,Actinomycetota,Actinomycetia,Streptosporangiales,Streptosporangiaceae,Bog-532
BOr1A1B1C__bin_77,Bacteria,Actinomycetota,Actinomycetia,Streptosporangiales,Streptosporangiaceae,Bog-532
LAWAr2D2E2F__bin_112,Bacteria,Actinomycetota,Actinomycetia,Streptosporangiales,Streptosporangiaceae,Bog-532
BAr3G3H3I__bin_54,Bacteria,Actinomycetota,Actinomycetia,Streptosporangiales,Streptosporangiaceae,Palsa-504
CRr1A1B1C__bin_120,Bacteria,Actinomycetota,Actinomycetia,Streptosporangiales,Streptosporangiaceae,Palsa-504
BOr2D2E2F__bin_74,Bacteria,Actinomycetota,Actinomycetia,Streptosporangiales,Streptosporangiaceae,Palsa-504
LABRr1A1B1C__bin_44,Bacteria,Actinomycetota,Actinomycetia,Streptosporangiales,Streptosporangiaceae,Palsa-504
MGr1A1B1C__bin_71,Bacteria,Actinomycetota,Actinomycetia,Streptosporangiales,Streptosporangiaceae,Palsa-504
MGr3G3H3I__bin_13,Bacteria,Actinomycetota,Actinomycetia,Streptosporangiales,Streptosporangiaceae,Palsa-504
MGr2D2E2F__bin_108,Bacteria,Actinomycetota,Actinomycetia,Streptosporangiales,Streptosporangiaceae,Palsa-504
BAr1A1B1C__bin_132,Bacteria,Actinomycetota,Actinomycetia,Streptosporangiales,Streptosporangiaceae,Palsa-504
CRr2D2E2F__bin_34,Bacteria,Actinomycetota,Actinomycetia,Streptosporangiales,Streptosporangiaceae,Palsa-504
LASAr3G3H3I__bin_125,Bacteria,Actinomycetota,Actinomycetia,Streptosporangiales,Streptosporangiaceae,Palsa-504
LASYr2D2E2F__bin_54,Bacteria,Actinomycetota,Actinomycetia,Streptosporangiales,Streptosporangiaceae,Palsa-504
LABRr1A1B1C__bin_31,Bacteria,Actinomycetota,Actinomycetia,Mycobacteriales,Mycobacteriaceae,Mycobacterium
MGr1A1B1C__bin_69,Bacteria,Actinomycetota,Actinomycetia,Mycobacteriales,Mycobacteriaceae,Mycobacterium
LASYr2D2E2F__bin_82,Bacteria,Actinomycetota,Actinomycetia,Mycobacteriales,Mycobacteriaceae,Mycobacterium
MHr2D2E2F__bin_40,Bacteria,Actinomycetota,Actinomycetia,Mycobacteriales,Mycobacteriaceae,Mycobacterium
BOr1A1B1C__bin_48,Bacteria,Actinomycetota,Actinomycetia,Mycobacteriales,Mycobacteriaceae,Mycobacterium
LASCr2D2E2F__bin_144,Bacteria,Actinomycetota,Actinomycetia,Mycobacteriales,Mycobacteriaceae,Mycobacterium
LASAr3G3H3I__bin_128,Bacteria,Actinomycetota,Actinomycetia,Mycobacteriales,Mycobacteriaceae,Mycobacterium
LASYr2D2E2F__bin_6,Bacteria,Actinomycetota,Actinomycetia,Mycobacteriales,Mycobacteriaceae,Mycobacterium
BAr1A1B1C__bin_61,Bacteria,Actinomycetota,Actinomycetia,Mycobacteriales,Mycobacteriaceae,Mycobacterium
MGr3G3H3I__bin_70,Bacteria,Actinomycetota,Actinomycetia,Mycobacteriales,Mycobacteriaceae,Mycobacterium
MHr3G3H3I__bin_86,Bacteria,Actinomycetota,Actinomycetia,Mycobacteriales,Mycobacteriaceae,Mycobacterium
CRr3G3H3I__bin_131,Bacteria,Actinomycetota,Actinomycetia,Mycobacteriales,Mycobacteriaceae,Mycobacterium
MGr1A1B1C__bin_101,Bacteria,Actinomycetota,Actinomycetia,Mycobacteriales,Mycobacteriaceae,Mycobacterium
CRr1A1B1C__bin_57,Bacteria,Actinomycetota,Actinomycetia,Mycobacteriales,Mycobacteriaceae,Mycobacterium
MGr2D2E2F__bin_132,Bacteria,Actinomycetota,Actinomycetia,Mycobacteriales,Mycobacteriaceae,Mycobacterium
SEr2D2E2F__bin_119,Bacteria,Actinomycetota,Actinomycetia,Mycobacteriales,Mycobacteriaceae,Mycobacterium
CRr2D2E2F__bin_4,Bacteria,Actinomycetota,Actinomycetia,Mycobacteriales,Mycobacteriaceae,Mycobacterium
LAWAr2D2E2F__bin_75,Bacteria,Actinomycetota,Actinomycetia,Mycobacteriales,Mycobacteriaceae,Mycobacterium
MHr1A1B1C__bin_51,Bacteria,Actinomycetota,Actinomycetia,Mycobacteriales,Mycobacteriaceae,Mycobacterium
LASAr3G3H3I__bin_28,Bacteria,Actinomycetota,Actinomycetia,Mycobacteriales,Mycobacteriaceae,Mycobacterium
MHr2D2E2F__bin_41,Bacteria,Actinomycetota,Actinomycetia,Mycobacteriales,Mycobacteriaceae,Mycobacterium
LASYr2D2E2F__bin_106,Bacteria,Actinomycetota,Actinomycetia,Mycobacteriales,Mycobacteriaceae,Mycobacterium
MGr1A1B1C__bin_68,Bacteria,Actinomycetota,Actinomycetia,Mycobacteriales,Mycobacteriaceae,Mycobacterium
MHr1A1B1C__bin_34,Bacteria,Actinomycetota,Actinomycetia,Mycobacteriales,Mycobacteriaceae,Mycobacterium
SEr2D2E2F__bin_147,Bacteria,Actinomycetota,Actinomycetia,Mycobacteriales,Mycobacteriaceae,Mycobacterium
MGr2D2E2F__bin_114,Bacteria,Actinomycetota,Actinomycetia,Mycobacteriales,Mycobacteriaceae,Mycobacterium
MHr3G3H3I__bin_118,Bacteria,Actinomycetota,Actinomycetia,Mycobacteriales,Mycobacteriaceae,Mycobacterium
CRr2D2E2F__bin_82,Bacteria,Actinomycetota,Actinomycetia,Mycobacteriales,Mycobacteriaceae,Mycobacterium
CRr1A1B1C__bin_129,Bacteria,Actinomycetota,Actinomycetia,Mycobacteriales,Mycobacteriaceae,Mycobacterium
LABRr1A1B1C__bin_80,Bacteria,Actinomycetota,Thermoleophilia,UBA2241,UBA2241,Bog-752
SEr3G3H3I__bin_3,Bacteria,Actinomycetota,Thermoleophilia,UBA2241,UBA2241,
BAr3G3H3I__bin_32,Bacteria,Actinomycetota,Thermoleophilia,Solirubrobacterales,Solirubrobacteraceae,Palsa-465
BOr3G3H3I__bin_51,Bacteria,Actinomycetota,Thermoleophilia,Solirubrobacterales,Solirubrobacteraceae,Palsa-465
BOr2D2E2F__bin_11,Bacteria,Actinomycetota,Thermoleophilia,Solirubrobacterales,Solirubrobacteraceae,Palsa-465
BOr1A1B1C__bin_21,Bacteria,Actinomycetota,Thermoleophilia,Solirubrobacterales,Solirubrobacteraceae,Palsa-465
LASAr3G3H3I__bin_10,Bacteria,Actinomycetota,Thermoleophilia,Solirubrobacterales,Solirubrobacteraceae,Palsa-465
BOr2D2E2F__bin_51,Bacteria,Actinomycetota,Thermoleophilia,Solirubrobacterales,Solirubrobacteraceae,Palsa-465
BOr1A1B1C__bin_45,Bacteria,Actinomycetota,Thermoleophilia,Solirubrobacterales,Solirubrobacteraceae,Palsa-465
BOr3G3H3I__bin_37,Bacteria,Actinomycetota,Thermoleophilia,Solirubrobacterales,Solirubrobacteraceae,Palsa-465
LABRr1A1B1C__bin_59,Bacteria,Actinomycetota,Thermoleophilia,Solirubrobacterales,Solirubrobacteraceae,Palsa-465
BOr1A1B1C__bin_16,Bacteria,Actinomycetota,Thermoleophilia,Solirubrobacterales,Solirubrobacteraceae,Palsa-465
BOr3G3H3I__bin_18,Bacteria,Actinomycetota,Thermoleophilia,Solirubrobacterales,Solirubrobacteraceae,Palsa-465
BAr1A1B1C__bin_118,Bacteria,Actinomycetota,Thermoleophilia,Solirubrobacterales,Solirubrobacteraceae,Palsa-465
BAr2D2E2F__bin_15,Bacteria,Actinomycetota,Thermoleophilia,Solirubrobacterales,Solirubrobacteraceae,Palsa-465
BAr1A1B1C__bin_13,Bacteria,Actinomycetota,Thermoleophilia,Solirubrobacterales,Solirubrobacteraceae,Palsa-465
BAr2D2E2F__bin_42,Bacteria,Actinomycetota,Thermoleophilia,Solirubrobacterales,Solirubrobacteraceae,Palsa-465
CRr1A1B1C__bin_124,Bacteria,Actinomycetota,Thermoleophilia,Solirubrobacterales,Solirubrobacteraceae,Palsa-465
MHr1A1B1C__bin_2,Bacteria,Actinomycetota,Thermoleophilia,Solirubrobacterales,Solirubrobacteraceae,Palsa-465
BAr1A1B1C__bin_89,Bacteria,Actinomycetota,Thermoleophilia,Solirubrobacterales,Solirubrobacteraceae,Palsa-465
CRr1A1B1C__bin_45,Bacteria,Actinomycetota,Thermoleophilia,Solirubrobacterales,Solirubrobacteraceae,Palsa-465
CRr3G3H3I__bin_36,Bacteria,Actinomycetota,Thermoleophilia,Solirubrobacterales,Solirubrobacteraceae,Palsa-465
MHr1A1B1C__bin_108,Bacteria,Actinomycetota,Thermoleophilia,Solirubrobacterales,Solirubrobacteraceae,Palsa-465
BOr3G3H3I__bin_31,Bacteria,Actinomycetota,Thermoleophilia,Solirubrobacterales,Solirubrobacteraceae,Palsa-744
BAr2D2E2F__bin_17,Bacteria,Actinomycetota,Thermoleophilia,Solirubrobacterales,Solirubrobacteraceae,Palsa-744
LASAr3G3H3I__bin_6,Bacteria,Actinomycetota,Thermoleophilia,Solirubrobacterales,Solirubrobacteraceae,Palsa-744
LASYr2D2E2F__bin_115,Bacteria,Actinomycetota,Thermoleophilia,Solirubrobacterales,Solirubrobacteraceae,Palsa-744
SEr2D2E2F__bin_56,Bacteria,Actinomycetota,Thermoleophilia,Solirubrobacterales,Solirubrobacteraceae,Palsa-744
LAWAr2D2E2F__bin_52,Bacteria,Actinomycetota,Thermoleophilia,Solirubrobacterales,Solirubrobacteraceae,Palsa-744
CRr3G3H3I__bin_72,Bacteria,Actinomycetota,Thermoleophilia,Solirubrobacterales,Solirubrobacteraceae,Palsa-744
MHr3G3H3I__bin_120,Bacteria,Actinomycetota,Thermoleophilia,Solirubrobacterales,Solirubrobacteraceae,Palsa-744
BAr3G3H3I__bin_3,Bacteria,Actinomycetota,Thermoleophilia,Solirubrobacterales,Solirubrobacteraceae,Palsa-744
LASAr3G3H3I__bin_124,Bacteria,Actinomycetota,Thermoleophilia,Solirubrobacterales,Solirubrobacteraceae,Palsa-744
MHr2D2E2F__bin_48,Bacteria,Actinomycetota,Thermoleophilia,Solirubrobacterales,Solirubrobacteraceae,Palsa-744
LASCr2D2E2F__bin_126,Bacteria,Actinomycetota,Thermoleophilia,Solirubrobacterales,Solirubrobacteraceae,Palsa-744
LASYr2D2E2F__bin_96,Bacteria,Actinomycetota,Thermoleophilia,Solirubrobacterales,Solirubrobacteraceae,Palsa-744
BOr3G3H3I__bin_53,Bacteria,Actinomycetota,Thermoleophilia,Solirubrobacterales,Solirubrobacteraceae,Palsa-744
CRr3G3H3I__bin_3,Bacteria,Actinomycetota,Thermoleophilia,Solirubrobacterales,Solirubrobacteraceae,Palsa-744
MHr3G3H3I__bin_89,Bacteria,Actinomycetota,Thermoleophilia,Solirubrobacterales,Solirubrobacteraceae,Palsa-744
MGr1A1B1C__bin_25,Bacteria,Actinomycetota,Thermoleophilia,Solirubrobacterales,Solirubrobacteraceae,Palsa-744
SEr2D2E2F__bin_103,Bacteria,Actinomycetota,Thermoleophilia,Solirubrobacterales,Solirubrobacteraceae,Palsa-744
MGr2D2E2F__bin_50,Bacteria,Actinomycetota,Thermoleophilia,Solirubrobacterales,Solirubrobacteraceae,Palsa-744
CRr2D2E2F__bin_32,Bacteria,Actinomycetota,Thermoleophilia,Solirubrobacterales,Solirubrobacteraceae,Palsa-744
CRr3G3H3I__bin_87,Bacteria,Actinomycetota,Thermoleophilia,Solirubrobacterales,Solirubrobacteraceae,Palsa-744
MGr3G3H3I__bin_124,Bacteria,Actinomycetota,Thermoleophilia,Solirubrobacterales,Solirubrobacteraceae,Palsa-744
BAr1A1B1C__bin_124,Bacteria,Actinomycetota,Thermoleophilia,Solirubrobacterales,Solirubrobacteraceae,Palsa-744
BOr2D2E2F__bin_30,Bacteria,Actinomycetota,Thermoleophilia,Solirubrobacterales,Solirubrobacteraceae,Palsa-744
MGr3G3H3I__bin_57,Bacteria,Actinomycetota,Thermoleophilia,Solirubrobacterales,Solirubrobacteraceae,Palsa-744
BAr3G3H3I__bin_39,Bacteria,Actinomycetota,Thermoleophilia,Solirubrobacterales,70-9,
SEr2D2E2F__bin_169,Bacteria,Dormibacterota,Dormibacteria,UBA8260,Bog-877,Bog-877
SEr3G3H3I__bin_168,Bacteria,Dormibacterota,Dormibacteria,UBA8260,UBA8260,
MGr3G3H3I__bin_167,Bacteria,Dormibacterota,Dormibacteria,UBA8260,UBA8260,UBA8260
SEr2D2E2F__bin_42,Bacteria,Dormibacterota,Dormibacteria,UBA8260,UBA8260,UBA8260
SEr3G3H3I__bin_83,Bacteria,Dormibacterota,Dormibacteria,UBA8260,UBA8260,UBA8260
SEr2D2E2F__bin_48,Bacteria,Dormibacterota,Dormibacteria,UBA8260,UBA8260,UBA8260
BAr2D2E2F__bin_125,Bacteria,Dormibacterota,Dormibacteria,UBA8260,UBA8260,Palsa-851
LABRr1A1B1C__bin_136,Bacteria,Chloroflexota,Dehalococcoidia,Dehalococcoidales,Fen-1064,Fen-1064
MGr1A1B1C__bin_82,Bacteria,Chloroflexota,Dehalococcoidia,Dehalococcoidales,Fen-1064,Fen-1064
MHr2D2E2F__bin_10,Bacteria,Chloroflexota,Ktedonobacteria,Ktedonobacterales,JADMIN01,
MGr1A1B1C__bin_47,Bacteria,Chloroflexota,Limnocylindria,Limnocylindrales,CSP1-4,JAJYNJ01
MGr2D2E2F__bin_5,Bacteria,Chloroflexota,Limnocylindria,Limnocylindrales,CSP1-4,JAJYNJ01
SEr3G3H3I__bin_272,Bacteria,Armatimonadota,Armatimonadia,Armatimonadales,Capsulimonadaceae,
BAr1A1B1C__bin_103,Bacteria,Eremiobacterota,Eremiobacteria,Baltobacterales,Baltobacteraceae,
CRr1A1B1C__bin_16,Bacteria,Eremiobacterota,Eremiobacteria,Baltobacterales,Baltobacteraceae,
SEr2D2E2F__bin_71,Bacteria,Eremiobacterota,Eremiobacteria,Baltobacterales,Baltobacteraceae,
CRr1A1B1C__bin_95,Bacteria,Eremiobacterota,Eremiobacteria,Baltobacterales,Baltobacteraceae,Cybelea
MHr1A1B1C__bin_47,Bacteria,Eremiobacterota,Eremiobacteria,Baltobacterales,Baltobacteraceae,Cybelea
CRr3G3H3I__bin_81,Bacteria,Eremiobacterota,Eremiobacteria,Baltobacterales,Baltobacteraceae,Cybelea
BOr1A1B1C__bin_91,Bacteria,Eremiobacterota,Eremiobacteria,Baltobacterales,Baltobacteraceae,Aquilonibacter
BOr3G3H3I__bin_14,Bacteria,Eremiobacterota,Eremiobacteria,Baltobacterales,Baltobacteraceae,Aquilonibacter
MHr2D2E2F__bin_21,Bacteria,Eremiobacterota,Eremiobacteria,Baltobacterales,Baltobacteraceae,
SEr3G3H3I__bin_39,Bacteria,Bacillota_B,DSM-12270,Thermacetogeniales,Thermacetogeniaceae,Palsa-1188
SEr2D2E2F__bin_21,Bacteria,Bacillota_B,DSM-12270,Thermacetogeniales,Thermacetogeniaceae,Palsa-1188
SEr3G3H3I__bin_219,Bacteria,Bacillota_B,DSM-12270,Thermacetogeniales,Thermacetogeniaceae,Palsa-1188
LASCr2D2E2F__bin_31,Archaea,Methanobacteriota,Methanobacteria,Methanobacteriales,Methanobacteriaceae,Methanobacterium_A
BAr2D2E2F__bin_109,Archaea,Methanobacteriota,Methanobacteria,Methanobacteriales,Methanobacteriaceae,Methanobacterium_A
SEr2D2E2F__bin_5,Archaea,Methanobacteriota,Methanobacteria,Methanobacteriales,Methanobacteriaceae,Methanobacterium_A
LABRr1A1B1C__bin_86,Archaea,Thermoproteota,Bathyarchaeia,40CM-2-53-6,FEN-987,
LASAr3G3H3I__bin_116,Archaea,Thermoproteota,Bathyarchaeia,40CM-2-53-6,FEN-987,
MGr3G3H3I__bin_165,Archaea,Thermoproteota,Bathyarchaeia,40CM-2-53-6,FEN-987,FEN-987
MGr2D2E2F__bin_104,Archaea,Thermoproteota,Bathyarchaeia,40CM-2-53-6,FEN-987,FEN-987
MGr1A1B1C__bin_131,Archaea,Thermoproteota,Bathyarchaeia,40CM-2-53-6,FEN-987,FEN-987
LAWAr2D2E2F__bin_120,Archaea,Thermoproteota,Bathyarchaeia,40CM-2-53-6,FEN-987,FEN-987
MGr2D2E2F__bin_63,Archaea,Thermoproteota,Bathyarchaeia,B26-1,UBA233,PALSA-986
SEr3G3H3I__bin_119,Archaea,Thermoproteota,Bathyarchaeia,B26-1,UBA233,PALSA-986
MGr2D2E2F__bin_123,Archaea,Thermoproteota,Nitrososphaeria,Nitrososphaerales,UBA183,UBA183
MGr3G3H3I__bin_81,Archaea,Thermoproteota,Nitrososphaeria,Nitrososphaerales,UBA183,UBA183
LABRr1A1B1C__bin_5,Archaea,Thermoproteota,Nitrososphaeria,Nitrososphaerales,UBA183,BOG-1369
MGr1A1B1C__bin_32,Archaea,Thermoproteota,Nitrososphaeria,Nitrososphaerales,UBA183,BOG-1369
MGr3G3H3I__bin_92,Archaea,Thermoproteota,Nitrososphaeria,Nitrososphaerales,UBA183,BOG-1369
SEr2D2E2F__bin_124,Archaea,Thermoproteota,Nitrososphaeria,Nitrososphaerales,Nitrosopumilaceae,Nitrosotalea
BAr3G3H3I__bin_23,Archaea,Thermoplasmatota,Thermoplasmata,UBA184,UBA184,UBA184
BAr3G3H3I__bin_76,Archaea,Thermoplasmatota,Thermoplasmata,UBA184,UBA184,UBA184
CRr3G3H3I__bin_64,Archaea,Thermoplasmatota,Thermoplasmata,UBA184,UBA184,UBA184
LASAr3G3H3I__bin_69,Archaea,Thermoplasmatota,Thermoplasmata,UBA184,UBA184,UBA184
LASAr3G3H3I__bin_2,Archaea,Thermoplasmatota,Thermoplasmata,UBA184,UBA184,UBA184
CRr2D2E2F__bin_23,Archaea,Thermoplasmatota,Thermoplasmata,UBA184,UBA184,UBA184
MGr3G3H3I__bin_121,Archaea,Thermoplasmatota,Thermoplasmata,UBA184,UBA184,UBA184
MGr1A1B1C__bin_33,Archaea,Thermoplasmatota,Thermoplasmata,UBA184,UBA184,UBA184
LASAr3G3H3I__bin_9,Archaea,Thermoplasmatota,Thermoplasmata,UBA184,UBA184,UBA184
BOr1A1B1C__bin_30,Archaea,Thermoplasmatota,Thermoplasmata,UBA184,UBA184,UBA184
MGr3G3H3I__bin_162,Archaea,Thermoplasmatota,Thermoplasmata,UBA184,UBA184,UBA184
MGr1A1B1C__bin_125,Archaea,Thermoplasmatota,Thermoplasmata,UBA184,UBA184,UBA184
MGr2D2E2F__bin_28,Archaea,Thermoplasmatota,Thermoplasmata,UBA184,UBA184,UBA184
MGr1A1B1C__bin_9,Archaea,Thermoplasmatota,Thermoplasmata,UBA184,UBA184,UBA184
LABRr1A1B1C__bin_68,Archaea,Thermoplasmatota,Thermoplasmata,UBA184,UBA184,UBA184
MGr1A1B1C__bin_93,Archaea,Thermoplasmatota,Thermoplasmata,UBA184,UBA184,UBA184
MGr2D2E2F__bin_71,Archaea,Thermoplasmatota,Thermoplasmata,UBA184,UBA184,UBA184
BOr2D2E2F__bin_15,Archaea,Thermoplasmatota,Thermoplasmata,UBA184,UBA184,UBA184
MGr1A1B1C__bin_8,Archaea,Thermoplasmatota,Thermoplasmata,UBA184,UBA184,UBA184
CRr1A1B1C__bin_108,Archaea,Thermoplasmatota,Thermoplasmata,UBA184,UBA184,UBA184
CRr2D2E2F__bin_37,Archaea,Thermoplasmatota,Thermoplasmata,UBA184,UBA184,UBA184
MHr3G3H3I__bin_85,Archaea,Thermoplasmatota,Thermoplasmata,UBA184,UBA184,UBA184
MGr2D2E2F__bin_98,Archaea,Thermoplasmatota,Thermoplasmata,UBA184,UBA184,UBA184
MHr1A1B1C__bin_92,Archaea,Thermoplasmatota,Thermoplasmata,UBA184,UBA184,UBA184
CRr3G3H3I__bin_60,Archaea,Thermoplasmatota,Thermoplasmata,UBA184,UBA184,UBA184
MGr3G3H3I__bin_33,Archaea,Thermoplasmatota,Thermoplasmata,UBA184,UBA184,UBA184
SEr2D2E2F__bin_159,Archaea,Thermoplasmatota,Thermoplasmata,UBA184,UBA184,UBA184
BOr2D2E2F__bin_73,Archaea,Thermoplasmatota,Thermoplasmata,UBA184,UBA184,UBA184
LAWAr2D2E2F__bin_99,Archaea,Thermoplasmatota,Thermoplasmata,UBA184,UBA184,UBA184
SEr3G3H3I__bin_84,Archaea,Halobacteriota,Methanomicrobia,Methanomicrobiales,Methanoregulaceae,Methanoregula
BOr2D2E2F__bin_2,Archaea,Halobacteriota,Methanomicrobia,Methanomicrobiales,Methanoregulaceae,Methanoregula
BAr1A1B1C__bin_43,Archaea,Halobacteriota,Methanomicrobia,Methanomicrobiales,Methanoregulaceae,Methanoregula
CRr1A1B1C__bin_126,Archaea,Halobacteriota,Methanomicrobia,Methanomicrobiales,Methanoregulaceae,Methanoregula
CRr2D2E2F__bin_98,Archaea,Halobacteriota,Methanomicrobia,Methanomicrobiales,Methanoregulaceae,Methanoregula
MHr1A1B1C__bin_66,Archaea,Halobacteriota,Methanomicrobia,Methanomicrobiales,Methanoregulaceae,Methanoregula
LAWAr2D2E2F__bin_100,Archaea,Halobacteriota,Methanomicrobia,Methanomicrobiales,Methanoregulaceae,Methanoregula
MGr1A1B1C__bin_92,Archaea,Halobacteriota,Methanomicrobia,Methanomicrobiales,Methanoregulaceae,Methanoregula
MGr3G3H3I__bin_91,Archaea,Halobacteriota,Methanomicrobia,Methanomicrobiales,Methanoregulaceae,Methanoregula
SEr3G3H3I__bin_226,Archaea,Halobacteriota,Methanomicrobia,Methanomicrobiales,Methanoregulaceae,Methanoregula
SEr2D2E2F__bin_155,Archaea,Halobacteriota,Methanomicrobia,Methanomicrobiales,Methanoregulaceae,Methanoregula
BOr1A1B1C__bin_28,Archaea,Halobacteriota,Methanomicrobia,Methanomicrobiales,Methanoregulaceae,Methanoregula
LASCr2D2E2F__bin_135,Archaea,Halobacteriota,Methanomicrobia,Methanomicrobiales,Methanoregulaceae,Methanoregula
MHr3G3H3I__bin_106,Archaea,Halobacteriota,Methanomicrobia,Methanomicrobiales,Methanoregulaceae,Methanoregula
MGr2D2E2F__bin_67,Archaea,Halobacteriota,Methanomicrobia,Methanomicrobiales,Methanoregulaceae,Methanoregula
CRr3G3H3I__bin_111,Archaea,Halobacteriota,Methanomicrobia,Methanomicrobiales,Methanoregulaceae,Methanoregula
SEr2D2E2F__bin_26,Archaea,Halobacteriota,Methanomicrobia,Methanomicrobiales,Methanoregulaceae,Methanoregula
BAr1A1B1C__bin_12,Archaea,Halobacteriota,Methanomicrobia,Methanomicrobiales,Methanoregulaceae,Methanoregula
MGr2D2E2F__bin_119,Archaea,Halobacteriota,Bog-38,Bog-38,Bog-38,Bog-38
MGr3G3H3I__bin_115,Archaea,Halobacteriota,Bog-38,Bog-38,Bog-38,Bog-38
BAr1A1B1C__bin_115,Archaea,Halobacteriota,Bog-38,Bog-38,Bog-38,Bog-38
MGr2D2E2F__bin_92,Archaea,Halobacteriota,Bog-38,Bog-38,Bog-38,Bog-38
MGr1A1B1C__bin_70,Archaea,Halobacteriota,Bog-38,Bog-38,Bog-38,Bog-38
LABRr1A1B1C__bin_110,Archaea,Halobacteriota,Bog-38,Bog-38,Bog-38,Bog-38
SEr3G3H3I__bin_198,Archaea,Halobacteriota,Bog-38,Bog-38,Bog-38,Bog-38
SEr2D2E2F__bin_29,Archaea,Halobacteriota,Methanosarcinia,Methanosarcinales,Methanosarcinaceae,Methanosarcina
SEr3G3H3I__bin_262,Archaea,Micrarchaeota,Micrarchaeia,Micrarchaeales,CABMGC01,
